time_s,x_m,y_m,cross_track_m,route_progress_m,confidence,mode
1783258734.6784048,14.744811073030927,0.0,0.0012852012199462946,14.744811073030927,0.5,track
1783258734.7784686,14.85577237102148,0.0,0.0013004104435810145,14.85577237102148,0.5,track
1783258734.8783855,14.966770609614574,0.0,0.0013156253619441758,14.966770609614574,0.5,track
1783258734.978464,15.077715381068794,0.0,0.0013308332023435202,15.077715381068794,0.5,track
1783258735.0784187,15.188891518105876,0.0,0.0013460736420487865,15.188891518105876,0.5,track
1783258735.1783717,15.299664383818715,0.0,0.0013612579928694909,15.299664383818715,0.5,track
1783258735.2782602,15.410520777442219,0.0,0.001376454979798929,15.410520777442219,0.5,track
1783258735.3784895,15.521823637467486,0.0,0.0013917141188295047,15.521823637467486,0.5,track
1783258735.478353,15.632492889368812,0.0,0.0014068845844097996,15.632492889368812,0.5,track
1783258735.578564,15.7433920837417,0.0,0.0014220868372592586,15.7433920837417,0.5,track
1783258735.6783051,15.854357537931696,0.0,0.0014372979752711307,15.854357537931696,0.5,track
1783258735.7783597,15.96528013623177,0.0,0.0014525028238796408,15.96528013623177,0.5,track
1783258735.8784382,16.076913853263914,0.0,0.0014678064213001928,16.076913853263914,0.5,track
1783258735.9783785,16.187326887481397,0.0,0.0014829396254906774,16.187326887481397,0.5,track
1783258736.0785246,16.29809736733403,0.0,0.001498122482839481,16.29809736733403,0.5,track
1783258736.178331,16.40914050422234,0.0,0.0015133431334648638,16.40914050422234,0.5,track
1783258736.278578,16.520172001154382,0.0,0.0015285619792737427,16.520172001154382,0.5,track
1783258736.378624,16.631020593062555,0.0,0.0015437551379455692,16.631020593062555,0.5,track
1783258736.4785378,16.741969799370043,0.0,0.001558962163046024,16.741969799370043,0.5,track
1783258736.5784116,16.85291167185554,0.0,0.0015741680845990818,16.85291167185554,0.5,track
1783258736.678254,16.963894802093087,0.0,0.0015893738112303405,16.963894802093087,0.5,track
1783258736.778273,17.075120275336396,0.0,0.0016046069198759531,17.075120275336396,0.5,track
1783258736.878338,17.185978696441556,0.0,0.001619788372766766,17.185978696441556,0.5,track
1783258736.9785156,17.297042411748762,0.0,0.001634997956842158,17.297042411748762,0.5,track
1783258737.078008,17.407567588363023,0.0,0.0016501322909783654,17.407567588363023,0.5,track
1783258737.178198,17.51910389889197,0.0,0.0016654068854964508,17.51910389889197,0.5,track
1783258737.2783015,17.63021969027004,0.0,0.0016806230411015748,17.63021969027004,0.5,track
1783258737.3782358,17.74124065571693,0.0,0.0016958259329354988,17.74124065571693,0.5,track
1783258737.478325,17.852271961656303,0.0,0.0017110297291695886,17.852271961656303,0.5,track
1783258737.5783017,17.96335509088301,0.0,0.0017262402410455637,17.96335509088301,0.5,track
1783258737.6784225,18.074382396020354,0.0,0.0017414426067877949,18.074382396020354,0.5,track
1783258737.7781627,18.186120882076874,0.0,0.001756743389944586,18.186120882076874,0.5,track
1783258737.8783224,18.296722199528553,0.0,0.001771886047782723,18.296722199528553,0.5,track
1783258737.9787,18.407684032807975,0.0,0.0017870785150552145,18.407684032807975,0.5,track
1783258738.0785577,18.518804058510476,0.0,0.0018022927677575733,18.518804058510476,0.5,track
1783258738.1779983,18.62961354691391,0.0,0.0018174637365831602,18.62961354691391,0.5,track
1783258738.2783256,18.740991662662896,0.0,0.0018327135176258408,18.740991662662896,0.5,track
1783258738.3785293,18.851953211185098,0.0,0.001847905314093085,18.851953211185098,0.5,track
1783258738.4792032,18.96294627113824,0.0,0.0018631014473338224,18.96294627113824,0.5,track
1783258738.5783873,19.07400530592459,0.0,0.0018783066867609402,19.07400530592459,0.5,track
1783258738.6784344,19.185128408006193,0.0,0.0018935207519642024,19.185128408006193,0.5,track
1783258738.7783008,19.295916845949858,0.0,0.0019086883527812697,19.295916845949858,0.5,track
1783258738.8785045,19.406637468122383,0.0,0.001923846541333995,19.406637468122383,0.5,track
1783258738.978313,19.518184004035422,0.0,0.001939119224968377,19.518184004035422,0.5,track
1783258739.078267,19.629117330390716,0.0,0.0019543067719453894,19.629117330390716,0.5,track
1783258739.1784973,19.740154277233906,0.0,0.0019695086595882686,19.740154277233906,0.5,track
1783258739.2784622,19.85187127294717,0.0,0.0019848047417768857,19.85187127294717,0.5,track
1783258739.3783734,19.96177648097099,0.0,0.0019998495732947577,19.96177648097099,0.5,track
1783258739.4784217,20.07326738077781,0.0,0.002015114866482903,20.07326738077781,0.5,track
1783258739.5783446,20.18432725113381,0.0,0.00203032045063498,20.18432725113381,0.5,track
1783258739.6783748,20.295435544205027,0.0,0.002045532268446831,20.295435544205027,0.5,track
1783258739.7783184,20.40646394417607,0.0,0.0020607326114276256,20.40646394417607,0.5,track
1783258739.8784468,20.517498439911968,0.0,0.0020759335151884395,20.517498439911968,0.5,track
1783258739.9788084,20.62851428684593,0.0,0.002091131598305439,20.62851428684593,0.5,track
1783258740.0783653,20.739617592310392,0.0,0.002106341587873329,20.739617592310392,0.5,track
1783258740.1783571,20.85079931291122,0.0,0.0021215622615254532,20.85079931291122,0.5,track
1783258740.278633,20.961640146252,0.0,0.002136735579570862,20.961640146252,0.5,track
1783258740.3783364,21.072705373910196,0.0,0.002151939868829951,21.072705373910196,0.5,track
1783258740.4783747,21.183985840291772,0.0,0.0021671737932204933,21.183985840291772,0.5,track
1783258740.5783205,21.294938733419208,0.0,0.0021823622999277196,21.294938733419208,0.5,track
1783258740.678537,21.405838671237333,0.0,0.0021975434039803246,21.405838671237333,0.5,track
1783258740.7783687,21.517049997086595,0.0,0.002212767568246508,21.517049997086595,0.5,track
1783258740.878618,21.627940959022563,0.0,0.00222794738609363,21.627940959022563,0.5,track
1783258740.978385,21.739067824797374,0.0,0.0022431597551765526,21.739067824797374,0.5,track
1783258741.0787773,21.85005731864314,0.0,0.0022583530589161595,21.85005731864314,0.5,track
1783258741.178407,21.961063111251818,0.0,0.0022735485995127058,21.961063111251818,0.5,track
1783258741.2783003,22.07209105488163,0.0,0.00228874720096241,22.07209105488163,0.5,track
1783258741.3783088,22.183317003915825,0.0,0.0023039731625722616,22.183317003915825,0.5,track
1783258741.4782593,22.293992040448373,0.0,0.002319122902117592,22.293992040448373,0.5,track
1783258741.5792336,22.405023875702852,0.0,0.002334322790819148,22.405023875702852,0.5,track
1783258741.6790824,22.516221392831444,0.0,0.002349545768181843,22.516221392831444,0.5,track
1783258741.7791212,22.627078860637944,0.0,0.0023647210766584493,22.627078860637944,0.5,track
1783258741.8791118,22.738185235516973,0.0,0.002379930395343914,22.738185235516973,0.5,track
1783258741.979095,22.849160254692684,0.0,0.002395121220797779,22.849160254692684,0.5,track
1783258742.0790627,22.96018670121464,0.0,0.0024103189362017986,22.96018670121464,0.5,track
1783258742.1791165,23.071227901485408,0.0,0.0024255184930689856,23.071227901485408,0.5,track
1783258742.2790964,23.18231943019116,0.0,0.0024407248725613847,23.18231943019116,0.5,track
1783258742.378101,23.293463363141395,0.0,0.0024559383582639168,23.293463363141395,0.5,track
1783258742.4782896,23.40452148407273,0.0,0.002471139856356353,23.40452148407273,0.5,track
1783258742.5791197,23.515579735287094,0.0,0.002486341264300246,23.515579735287094,0.5,track
1783258742.6791224,23.6266988578437,0.0,0.0025015509948502464,23.6266988578437,0.5,track
1783258742.7790825,23.73752340382239,0.0,0.002516719933166902,23.73752340382239,0.5,track
1783258742.8782182,23.848630358757898,0.0,0.0025319278862995847,23.848630358757898,0.5,track
1783258742.979094,23.95968461676491,0.0,0.002547128491161484,23.95968461676491,0.5,track
1783258743.0790803,24.070627340499296,0.0,0.0025623136634078973,24.070627340499296,0.5,track
1783258743.1790679,24.18168266907415,0.0,0.0025775143967001284,24.18168266907415,0.5,track
1783258743.2790666,24.292721400133974,0.0,0.00259271282381141,24.292721400133974,0.5,track
1783258743.3790452,24.403737965199475,0.0,0.0026079081814812752,24.403737965199475,0.5,track
1783258743.479095,24.514831587613152,0.0,0.0026231142028936305,24.514831587613152,0.5,track
1783258743.5790894,24.62589268511384,0.0,0.0026383157149156714,24.62589268511384,0.5,track
1783258743.6783,24.7368372273362,0.0,0.002653502966073105,24.7368372273362,0.5,track
1783258743.7784262,24.84798848397121,0.0,0.0026687178918478574,24.84798848397121,0.5,track
1783258743.879111,24.95903984720413,0.0,0.002683918430221208,24.95903984720413,0.5,track
1783258743.9782143,25.069996011550664,0.0,0.002699105401452957,25.069996011550664,0.5,track
1783258744.07918,25.181204663664005,0.0,0.0027143269829589317,25.181204663664005,0.5,track
1783258744.179169,25.29207910275585,0.0,0.0027295021851333786,25.29207910275585,0.5,track
1783258744.279046,25.403124022184464,0.0,0.0027447007803238096,25.403124022184464,0.5,track
1783258744.3790648,25.51424123822969,0.0,0.002759909200560508,25.51424123822969,0.5,track
1783258744.4791105,25.625446106110356,0.0,0.0027751295718303165,25.625446106110356,0.5,track
1783258744.5791771,25.73631487730002,0.0,0.002790303418817073,25.73631487730002,0.5,track
1783258744.679114,25.84741958547526,0.0,0.002805509763951297,25.84741958547526,0.5,track
1783258744.7785344,25.958390270227742,0.0,0.0028206975273285706,25.958390270227742,0.5,track
1783258744.8782737,26.069482812922008,0.0,0.0028359020451106027,26.069482812922008,0.5,track
1783258744.978126,26.180609454376857,0.0,0.002851111234419922,26.180609454376857,0.5,track
1783258745.0786338,26.291918414010944,0.0,0.002866345568889766,26.291918414010944,0.5,track
1783258745.1790721,26.402578091528824,0.0,0.0028814902479968613,26.402578091528824,0.5,track
1783258745.2791803,26.51347715046219,0.0,0.002896668017047109,26.51347715046219,0.5,track
1783258745.3783982,26.62460306936808,0.0,0.002911877118765603,26.62460306936808,0.5,track
1783258745.4791608,26.73578295669718,0.0,0.002927093693104251,26.73578295669718,0.5,track
1783258745.579081,26.846618260849574,0.0,0.00294226271436677,26.846618260849574,0.5,track
1783258745.679192,26.957778029750095,0.0,0.0029574765752914817,26.957778029750095,0.5,track
1783258745.7790651,27.068826653630236,0.0,0.0029726764639678477,27.068826653630236,0.5,track
1783258745.8790882,27.179809964339768,0.0,0.0029878678214401086,27.179809964339768,0.5,track
1783258745.9791052,27.290835275974818,0.0,0.0030030641077181484,27.290835275974818,0.5,track
1783258746.0791152,27.401800477043007,0.0,0.0030182515274286667,27.401800477043007,0.5,track
1783258746.1791768,27.5129915956834,0.0,0.0030334697260597145,27.5129915956834,0.5,track
1783258746.2790773,27.623871425998026,0.0,0.0030486446857631933,27.623871425998026,0.5,track
1783258746.3782663,27.734974043646304,0.0,0.0030638498565423965,27.734974043646304,0.5,track
1783258746.4783912,27.846042653354573,0.0,0.0030790505364718702,27.846042653354573,0.5,track
1783258746.5791576,27.957116754141502,0.0,0.003094251800410692,27.957116754141502,0.5,track
1783258746.67866,28.068048112879907,0.0,0.003109433202444673,28.068048112879907,0.5,track
1783258746.7790883,28.179323794795852,0.0,0.003124661974352946,28.179323794795852,0.5,track
1783258746.8790631,28.29022552399453,0.0,0.003139839017422342,28.29022552399453,0.5,track
1783258746.9790924,28.401272431004703,0.0,0.0031550359775912246,28.401272431004703,0.5,track
1783258747.0785558,28.51229485781458,0.0,0.003170229492337115,28.51229485781458,0.5,track
1783258747.1791573,28.62325170877676,0.0,0.0031854139162330567,28.62325170877676,0.5,track
1783258747.2780867,28.73405733384733,0.0,0.0032005774458614723,28.73405733384733,0.5,track
1783258747.3790898,28.845433661102366,0.0,0.003215819684387639,28.845433661102366,0.5,track
1783258747.4793844,28.957686494843355,0.0,0.003231182730443714,28.957686494843355,0.5,track
1783258747.5790665,29.06745992187662,0.0,0.00324620385738298,29.06745992187662,0.5,track
1783258747.6785321,29.178439060224452,0.0,0.0032613913651132315,29.178439060224452,0.5,track
1783258747.779185,29.289570258051427,0.0,0.0032765998699307124,29.289570258051427,0.5,track
1783258747.8780096,29.401072442606736,0.0,0.0032918595320590356,29.401072442606736,0.5,track
1783258747.9792488,29.511730975530742,0.0,0.0033070028828234696,29.511730975530742,0.5,track
1783258748.0781038,29.622788706752264,0.0,0.0033222043133423777,29.622788706752264,0.5,track
1783258748.1794136,29.73367480905338,0.0,0.0033373808830687865,29.73367480905338,0.5,track
1783258748.2791014,29.84466493206512,0.0,0.003352570595068943,29.84466493206512,0.5,track
1783258748.3783092,29.955812713787587,0.0,0.0033677820171662855,29.955812713787587,0.5,track
1783258748.479105,30.066841156737915,0.0,0.0033829765632657173,30.066841156737915,0.5,track
1783258748.5791087,30.177933182827953,0.0,0.003398179578575011,30.177933182827953,0.5,track
1783258748.6782072,30.28898114818287,0.0,0.0034133762740594696,30.28898114818287,0.5,track
1783258748.7790675,30.39986337990416,0.0,0.003428549915375571,30.39986337990416,0.5,track
1783258748.8791263,30.510937202662387,0.0,0.0034437497793410915,30.510937202662387,0.5,track
1783258748.9789329,30.62198152084326,0.0,0.003458945393744723,30.62198152084326,0.5,track
1783258749.079139,30.733038472651643,0.0,0.003474142579032339,30.733038472651643,0.5,track
1783258749.1781342,30.8438883328349,0.0,0.0034893110926745422,30.8438883328349,0.5,track
1783258749.2791154,30.955038682977076,0.0,0.0035045208795189972,30.955038682977076,0.5,track
1783258749.3790097,31.066011097740414,0.0,0.003519706060409441,31.066011097740414,0.5,track
1783258749.4791539,31.177138453096916,0.0,0.0035349124893963827,31.177138453096916,0.5,track
1783258749.5790823,31.288255134409614,0.0,0.003550117410704769,31.288255134409614,0.5,track
1783258749.6791391,31.399187515919863,0.0,0.00356529691969363,31.399187515919863,0.5,track
1783258749.7791495,31.510275657469812,0.0,0.0035804978722495232,31.510275657469812,0.5,track
1783258749.8790731,31.621261413572118,0.0,0.003595684738434157,31.621261413572118,0.5,track
1783258749.9782355,31.732523218738855,0.0,0.003610909611398441,31.732523218738855,0.5,track
1783258750.0790465,31.843358848826718,0.0,0.0036260790897967993,31.843358848826718,0.5,track
1783258750.1791859,31.95462210047324,0.0,0.0036413061745234503,31.95462210047324,0.5,track
1783258750.278627,32.06540703957672,0.0,0.003656466558064935,32.06540703957672,0.5,track
1783258750.3790596,32.1766176767324,0.0,0.0036716850335920103,32.1766176767324,0.5,track
1783258750.479069,32.28745703530309,0.0,0.00368685204009827,32.28745703530309,0.5,track
1783258750.5790894,32.39867035003653,0.0,0.0037020702890144096,32.39867035003653,0.5,track
1783258750.6781673,32.50979272482976,0.0,0.003717275802287043,32.50979272482976,0.5,track
1783258750.7791088,32.62028882480815,0.0,0.0037323949208079663,32.62028882480815,0.5,track
1783258750.8784208,32.7317641476288,0.0,0.0037476486903112597,32.7317641476288,0.5,track
1783258750.9786541,32.84269848658838,0.0,0.0037628278092261833,32.84269848658838,0.5,track
1783258751.0790431,32.95378366491372,0.0,0.003778027429471428,32.95378366491372,0.5,track
1783258751.1782181,33.0647828160201,0.0,0.0037932151963483837,33.0647828160201,0.5,track
1783258751.2791018,33.17581928143108,0.0,0.0038084079944528605,33.17581928143108,0.5,track
1783258751.3791332,33.28691476591025,0.0,0.003823608816908869,33.28691476591025,0.5,track
1783258751.4790606,33.39794551250898,0.0,0.0038388006619935557,33.39794551250898,0.5,track
1783258751.5790982,33.50899392476511,0.0,0.0038539948844410416,33.50899392476511,0.5,track
1783258751.6791167,33.61993681310102,0.0,0.0038691745851010743,33.61993681310102,0.5,track
1783258751.7791047,33.730953014575086,0.0,0.0038843643614518133,33.730953014575086,0.5,track
1783258751.8790638,33.841965442203,0.0,0.0038995536456370547,33.841965442203,0.5,track
1783258751.979034,33.952991821948714,0.0,0.00391474486831773,33.952991821948714,0.5,track
1783258752.0790808,34.06369430256573,0.0,0.003929891570835695,34.06369430256573,0.5,track
1783258752.1791627,34.17523222878299,0.0,0.003945153253434995,34.17523222878299,0.5,track
1783258752.2790802,34.28626986775983,0.0,0.003960349794817989,34.28626986775983,0.5,track
1783258752.37909,34.39712796242209,0.0,0.0039755202540952845,34.39712796242209,0.5,track
1783258752.479283,34.50822171153941,0.0,0.003990722246651345,34.50822171153941,0.5,track
1783258752.579085,34.619328219803215,0.0,0.004005925431308681,34.619328219803215,0.5,track
1783258752.6790864,34.73043289201541,0.0,0.004021127999113035,34.73043289201541,0.5,track
1783258752.7783048,34.84118329129184,0.0,0.0040362815785217245,34.84118329129184,0.5,track
1783258752.8783345,34.952310487369616,0.0,0.004051486797936795,34.952310487369616,0.5,track
1783258752.9781506,35.063506538467834,0.0,0.004066701301243402,35.063506538467834,0.5,track
1783258753.0791018,35.17435252447879,0.0,0.004081867490510117,35.17435252447879,0.5,track
1783258753.178388,35.28545337116363,0.0,0.004097068572005051,35.28545337116363,0.5,track
1783258753.2791564,35.39650965304264,0.0,0.004112263370780231,35.39650965304264,0.5,track
1783258753.3790975,35.50750572617755,0.0,0.004127449743276637,35.50750572617755,0.5,track
1783258753.479131,35.61848877210858,0.0,0.004142634207294191,35.61848877210858,0.5,track
1783258753.578221,35.7295674024599,0.0,0.004157831698455267,35.7295674024599,0.5,track
1783258753.679075,35.84063775807837,0.0,0.004173027965016426,35.84063775807837,0.5,track
1783258753.7790813,35.95180130668997,0.0,0.004188236969597998,35.95180130668997,0.5,track
1783258753.8791397,36.062669624270455,0.0,0.004203405347970502,36.062669624270455,0.5,track
1783258753.979056,36.17409243199087,0.0,0.004218649916687398,36.17409243199087,0.5,track
1783258754.0783248,36.28482018223739,0.0,0.004233798938312161,36.28482018223739,0.5,track
1783258754.1791766,36.39597209404642,0.0,0.004249006290773641,36.39597209404642,0.5,track
1783258754.2791688,36.50675987375593,0.0,0.004264163601872063,36.50675987375593,0.5,track
1783258754.3791528,36.61794516802107,0.0,0.004279379394658116,36.61794516802107,0.5,track
1783258754.479045,36.72890826534509,0.0,0.004294563225154045,36.72890826534509,0.5,track
1783258754.5790708,36.839672206391306,0.0,0.0043097188004910655,36.839672206391306,0.5,track
1783258754.6791584,36.950989413672644,0.0,0.004324949880192519,36.950989413672644,0.5,track
1783258754.779146,37.06193649326496,0.0,0.004340129723611514,37.06193649326496,0.5,track
1783258754.8791327,37.172946388115825,0.0,0.0043553179735493835,37.172946388115825,0.5,track
1783258754.9791245,37.28393482032998,0.0,0.0043705030893392656,37.28393482032998,0.5,track
1783258755.0790825,37.395057560576106,0.0,0.00438570649852152,37.395057560576106,0.5,track
1783258755.1791294,37.50613230063033,0.0,0.004400903137733088,37.50613230063033,0.5,track
1783258755.2790935,37.61707269322896,0.0,0.004416081166527074,37.61707269322896,0.5,track
1783258755.3790956,37.72823054709029,0.0,0.004431288914301012,37.72823054709029,0.5,track
1783258755.4792557,37.839143300862624,0.0,0.0044464628465489715,37.839143300862624,0.5,track
1783258755.5791166,37.95020596182299,0.0,0.004461657240241596,37.95020596182299,0.5,track
1783258755.6791117,38.06116631185622,0.0,0.004476837461816057,38.06116631185622,0.5,track
1783258755.7790768,38.172310464510296,0.0,0.004492042823916255,38.172310464510296,0.5,track
1783258755.8791595,38.28328764827416,0.0,0.004507225165215154,38.28328764827416,0.5,track
1783258755.9783838,38.3945082541139,0.0,0.00452244088241098,38.3945082541139,0.5,track
1783258756.0782433,38.50578042523986,0.0,0.004537663613432799,38.50578042523986,0.5,track
1783258756.1791074,38.616359782122785,0.0,0.004552791193657248,38.616359782122785,0.5,track
1783258756.2790756,38.72753463599182,0.0,0.004568000545328375,38.72753463599182,0.5,track
1783258756.3791761,38.83885167171329,0.0,0.004583229410236699,38.83885167171329,0.5,track
1783258756.479078,38.94992200228744,0.0,0.004598424409837533,38.94992200228744,0.5,track
1783258756.5784533,39.060547676962926,0.0,0.00461356220201684,39.060547676962926,0.5,track
1783258756.6790905,39.171514418073734,0.0,0.004628745436472677,39.171514418073734,0.5,track
1783258756.7794979,39.28253553798608,0.0,0.00464393528672032,39.28253553798608,0.5,track
1783258756.8783379,39.393655513198055,0.0,0.004659138205155608,39.393655513198055,0.5,track
1783258756.979131,39.50471563287997,0.0,0.00467433258845036,39.50471563287997,0.5,track
1783258757.079031,39.61570265207136,0.0,0.004689516732017563,39.61570265207136,0.5,track
1783258757.1781034,39.72681868847693,0.0,0.004704718443667439,39.72681868847693,0.5,track
1783258757.278394,39.837737720179064,0.0,0.004719892845709909,39.837737720179064,0.5,track
1783258757.3780394,39.94898196943667,0.0,0.004735111913456006,39.94898196943667,0.5,track
1783258757.480112,40.05985002826623,0.0,0.00475027918551753,40.05985002826623,0.5,track
1783258757.579092,40.170825342653885,0.0,0.00476546104343663,40.170825342653885,0.5,track
1783258757.6790972,40.28185942947284,0.0,0.004780650829044951,40.28185942947284,0.5,track
1783258757.7790866,40.392970283073545,0.0,0.004795851006608745,40.392970283073545,0.5,track
1783258757.8791447,40.503957376956485,0.0,0.004811034064870346,40.503957376956485,0.5,track
1783258757.978072,40.615037669302545,0.0,0.004826229800810892,40.615037669302545,0.5,track
1783258758.0790794,40.7261303573831,0.0,0.004841427134849494,40.7261303573831,0.5,track
1783258758.1790771,40.83704445763072,0.0,0.004856599881227359,40.83704445763072,0.5,track
1783258758.2782602,40.94803293930705,0.0,0.004871782768455252,40.94803293930705,0.5,track
1783258758.3790927,41.05908097239936,0.0,0.004886973779681303,41.05908097239936,0.5,track
1783258758.4791815,41.170148026373894,0.0,0.0049021673673969365,41.170148026373894,0.5,track
1783258758.5790718,41.28120760645883,0.0,0.004917359906401139,41.28120760645883,0.5,track
1783258758.6791654,41.39221832458257,0.0,0.004932547727576758,41.39221832458257,0.5,track
1783258758.7780755,41.50328150995316,0.0,0.004947743606529229,41.50328150995316,0.5,track
1783258758.8791163,41.61390456376515,0.0,0.004962878106594362,41.61390456376515,0.5,track
1783258758.9782968,41.72534403489015,0.0,0.004978124036920549,41.72534403489015,0.5,track
1783258759.0781395,41.836293250907005,0.0,0.004993302375674699,41.836293250907005,0.5,track
1783258759.1790836,41.94740249512642,0.0,0.005008502490360304,41.94740249512642,0.5,track
1783258759.2791605,42.05837188377116,0.0,0.005023683273861413,42.05837188377116,0.5,track
1783258759.379099,42.16955368993994,0.0,0.00503889308465823,42.16955368993994,0.5,track
1783258759.479118,42.2803795450377,0.0,0.005054053807179643,42.2803795450377,0.5,track
1783258759.5790763,42.39141121764971,0.0,0.0050692428546611715,42.39141121764971,0.5,track
1783258759.679067,42.50267700788364,0.0,0.00508446388583686,42.50267700788364,0.5,track
1783258759.778086,42.61358491691214,0.0,0.0050996356793036,42.61358491691214,0.5,track
1783258759.8791482,42.724548678512235,0.0,0.0051148149982526,42.724548678512235,0.5,track
1783258759.9791164,42.83549597805443,0.0,0.005129991924415643,42.83549597805443,0.5,track
1783258760.0792024,42.94654626817441,0.0,0.005145182846154868,42.94654626817441,0.5,track
1783258760.179075,43.05764577921528,0.0,0.005160380397631492,43.05764577921528,0.5,track
1783258760.2785912,43.16858022949332,0.0,0.005175555206900358,43.16858022949332,0.5,track
1783258760.3783302,43.27963859165764,0.0,0.005190746915346814,43.27963859165764,0.5,track
1783258760.4782553,43.390702468554245,0.0,0.005205939301760272,43.390702468554245,0.5,track
1783258760.5790472,43.50173742577702,0.0,0.0052211276590444534,43.50173742577702,0.5,track
1783258760.6791618,43.61293891807982,0.0,0.005236338788917017,43.61293891807982,0.5,track
1783258760.7790856,43.7238089708918,0.0,0.005251506206312047,43.7238089708918,0.5,track
1783258760.8790758,43.83488272824222,0.0,0.005266702292245126,43.83488272824222,0.5,track
1783258760.979053,43.94587129650383,0.0,0.005281885850098372,43.94587129650383,0.5,track
1783258761.079006,44.0569597828096,0.0,0.005297082647571164,44.0569597828096,0.5,track
1783258761.179127,44.16791959667411,0.0,0.005312261564804939,44.16791959667411,0.5,track
1783258761.2790685,44.27896048786898,0.0,0.0053274514734357615,44.27896048786898,0.5,track
1783258761.3791363,44.39015500447502,0.0,0.005342662364923721,44.39015500447502,0.5,track
1783258761.4790747,44.504212774099365,0.0,0.00535826576270807,44.504212774099365,0.5,track
1783258761.579101,44.61208230678883,0.0,0.005373020562913103,44.61208230678883,0.5,track
1783258761.6791313,44.723118992863434,0.0,0.005388209604194548,44.723118992863434,0.5,track
1783258761.7790568,44.83420465465206,0.0,0.00540340525287427,44.83420465465206,0.5,track
1783258761.8791978,44.945086099045525,0.0,0.0054185727897967636,44.945086099045525,0.5,track
1783258761.979094,45.056089083576815,0.0,0.0054337568660152175,45.056089083576815,0.5,track
1783258762.0790603,45.16710633610623,0.0,0.005448942768317777,45.16710633610623,0.5,track
1783258762.1780186,45.27836800177656,0.0,0.005464162038543031,45.27836800177656,0.5,track
1783258762.2791653,45.38930069205065,0.0,0.0054793360972669744,45.38930069205065,0.5,track
1783258762.3792636,45.500359409065524,0.0,0.005494527312933625,45.500359409065524,0.5,track
1783258762.4791791,45.61130049957787,0.0,0.005509702308082447,45.61130049957787,0.5,track
1783258762.5791078,45.72229159641868,0.0,0.005524884060514315,45.72229159641868,0.5,track
1783258762.6794832,45.83345904372079,0.0,0.0055400898976912145,45.83345904372079,0.5,track
1783258762.779082,45.94438438915528,0.0,0.005555262499187816,45.94438438915528,0.5,track
1783258762.879135,46.05536266119426,0.0,0.005570442296278104,46.05536266119426,0.5,track
1783258762.978266,46.16636678330366,0.0,0.00558562813368201,46.16636678330366,0.5,track
1783258763.0784872,46.277661275286746,0.0,0.005600852843033428,46.277661275286746,0.5,track
1783258763.1791189,46.38856759225112,0.0,0.005616023898222066,46.38856759225112,0.5,track
1783258763.2790923,46.49946232917914,0.0,0.005631193155548131,46.49946232917914,0.5,track
1783258763.3790934,46.61056102472845,0.0,0.005646390271737475,46.61056102472845,0.5,track
1783258763.4784913,46.721661068946666,0.0,0.005661587541586063,46.721661068946666,0.5,track
1783258763.5790684,46.83257468783096,0.0,0.005676759246205165,46.83257468783096,0.5,track
1783258763.6791632,46.94364191795183,0.0,0.005691951979467683,46.94364191795183,0.5,track
1783258763.7791884,47.05473774310801,0.0,0.005707148585747027,47.05473774310801,0.5,track
1783258763.8791492,47.16586056924319,0.0,0.0057223488267488225,47.16586056924319,0.5,track
1783258763.9791112,47.27688671762624,0.0,0.0057375357365402006,47.27688671762624,0.5,track
1783258764.0790937,47.3877698450405,0.0,0.00575270295507715,47.3877698450405,0.5,track
1783258764.1791105,47.49886004840164,0.0,0.0057678984401664775,47.49886004840164,0.5,track
1783258764.2790961,47.60982337596275,0.0,0.005783076429033493,47.60982337596275,0.5,track
1783258764.3791535,47.72088307124884,0.0,0.0057982675038690595,47.72088307124884,0.5,track
1783258764.479095,47.83175020813486,0.0,0.005813432088520443,47.83175020813486,0.5,track
1783258764.5782979,47.942921596557696,0.0,0.00582863823977567,47.942921596557696,0.5,track
1783258764.678407,48.053895391389766,0.0,0.00584381722510461,48.053895391389766,0.5,track
1783258764.7781844,48.16489140719945,0.0,0.005858999165734247,48.16489140719945,0.5,track
1783258764.8791003,48.27595703360025,0.0,0.005874190555911684,48.27595703360025,0.5,track
1783258764.9786031,48.38701970637005,0.0,0.005889381467102215,48.38701970637005,0.5,track
1783258765.0791168,48.49805207352188,0.0,0.005904570052394962,48.49805207352188,0.5,track
1783258765.1791239,48.608995352373654,0.0,0.0059197457776583645,48.608995352373654,0.5,track
1783258765.279133,48.72004967262568,0.0,0.005934936401263595,48.72004967262568,0.5,track
1783258765.3790991,48.83106830066367,0.0,0.00595012202596824,48.83106830066367,0.5,track
1783258765.4791348,48.94226651057003,0.0,0.005965332232333317,48.94226651057003,0.5,track
1783258765.5780797,49.05329393723794,0.0,0.005980519061966558,49.05329393723794,0.5,track
1783258765.6791925,49.16416620246298,0.0,0.005995684658386727,49.16416620246298,0.5,track
1783258765.7782753,49.27525059151725,0.0,0.006010879319039798,49.27525059151725,0.5,track
1783258765.8790627,49.38623276755795,0.0,0.006026059963193436,49.38623276755795,0.5,track
1783258765.9790933,49.497467564063264,0.0,0.006041275168700069,49.497467564063264,0.5,track
1783258766.0787787,49.608383255150144,0.0,0.006056446601501909,49.608383255150144,0.5,track
1783258766.1791067,49.71948403731507,0.0,0.0060716433077403174,49.71948403731507,0.5,track
1783258766.2790532,49.830323437859455,0.0,0.006086804121994749,49.830323437859455,0.5,track
1783258766.3782444,49.941538848544745,0.0,0.006102016331081224,49.941538848544745,0.5,track
1783258766.4783227,50.04922624112324,0.009845248224648932,0.01627854913285014,50.05020111281365,0.5,track
1783258766.5786638,50.155956717922344,0.03119134358446921,0.038062864040381256,50.15904526959238,0.5,track
1783258766.679131,50.26276482551361,0.0525529651027212,0.05986302375079153,50.26796859455594,0.5,track
1783258766.778195,50.369695110720585,0.07393902214411711,0.08168812053835463,50.37701651672882,0.5,track
1783258766.8791497,50.476223088226504,0.09524461764530129,0.10343110382079736,50.48565416393807,0.5,track
1783258766.978125,50.58300259568468,0.11660051913693623,0.12522542578693172,50.59454832237429,0.5,track
1783258767.078845,50.68993152809667,0.13798630561933445,0.1470502461994051,50.703594864961566,0.5,track
1783258767.1791892,50.796526873416845,0.15930537468336853,0.16880698069056216,50.812301214130706,0.5,track
1783258767.2780745,50.90323766236357,0.18064753247271412,0.19058727745647985,50.921125293160756,0.5,track
1783258767.3804183,51.01000912434272,0.20200182486854396,0.21237995778027732,51.03001124678606,0.5,track
1783258767.4781504,51.11690538989092,0.22338107797818318,0.23419811123491607,51.13902447557815,0.5,track
1783258767.5781555,51.22354327277117,0.24470865455423335,0.2559635272810046,51.247774204717075,0.5,track
1783258767.679187,51.330342095087886,0.26606841901757666,0.27776179209452023,51.35668806052141,0.5,track
1783258767.779083,51.437083391097495,0.287416678219499,0.2995483154916243,51.465543250773244,0.5,track
1783258767.8791025,51.54349931382913,0.3086998627658265,0.3212684282719619,51.57406662408636,0.5,track
1783258767.979079,51.650713174509875,0.33014263490197565,0.34315140500258773,51.68340373763411,0.5,track
1783258768.0791285,51.757307572543525,0.35146151450870533,0.36490794564540574,51.79210912075676,0.5,track
1783258768.1782637,51.86419680021409,0.37283936004281715,0.3867246627489799,51.90111517229377,0.5,track
1783258768.2791083,51.9709997064543,0.3941999412908598,0.40852376106215976,52.01003319289922,0.5,track
1783258768.3782299,52.07752814544471,0.41550562908894145,0.43026683888434664,52.11867131073216,0.5,track
1783258768.4791193,52.18451817130598,0.4369036342611965,0.45210412927345384,52.227780156657445,0.5,track
1783258768.5781462,52.29115173756978,0.45823034751395575,0.4738686640260038,52.33652548369406,0.5,track
1783258768.6792207,52.397820934488095,0.4795641868976195,0.4956404711177235,52.44530714701122,0.5,track
1783258768.7791567,52.50462861907195,0.5009257238143903,0.5174405442813257,52.55423004059016,0.5,track
1783258768.8790796,52.61131127665248,0.5222622553304961,0.5392150986008221,52.663025431143176,0.5,track
1783258768.979219,52.7180547608235,0.5436109521646992,0.5610020679117633,52.771882852890556,0.5,track
1783258769.078999,52.82506122203131,0.5650122444062617,0.5828427123333451,52.88100845964638,0.5,track
1783258769.179046,52.93179549117067,0.5863590982341342,0.6046278006674541,52.98985648386852,0.5,track
1783258769.2791069,53.04149066093209,0.6082981321864185,0.6270172268622137,53.10172404610059,0.5,track
1783258769.378281,53.145065909237275,0.6290131818474545,0.6481575407485936,53.207350488547256,0.5,track
1783258769.4780762,53.25186395796363,0.6503727915927258,0.6699556471869933,53.316263555441125,0.5,track
1783258769.5791538,53.35878324875314,0.6717566497506284,0.6917784998014936,53.425300265464166,0.5,track
1783258769.6790686,53.465561785627074,0.6931123571254152,0.7135726237262506,53.53419343409478,0.5,track
1783258769.7790651,53.57210841431365,0.7144216828627299,0.7353194138518229,53.642850101850854,0.5,track
1783258769.8790457,53.679194036953824,0.7358388073907642,0.7571762159260047,53.75205643774435,0.5,track
1783258769.9791386,53.78558869647115,0.7571177392942305,0.7788919883065519,53.860558126748536,0.5,track
1783258770.0790622,53.8923924995142,0.7784784999028409,0.8006912693497278,53.969477061917026,0.5,track
1783258770.179092,53.999149969164606,0.7998299938329213,0.822481093454707,54.07834874611086,0.5,track
1783258770.2791474,54.106003165715514,0.821200633143103,0.8442904559599006,54.187318052971435,0.5,track
1783258770.3779962,54.21269265975536,0.8425385319510716,0.8660664057509798,54.29612041537233,0.5,track
1783258770.4782805,54.31938747268857,0.8638774945377142,0.8878434410859628,54.40492820200145,0.5,track
1783258770.579368,54.426231491194784,0.8852462982389566,0.9096509301205851,54.51388814905622,0.5,track
1783258770.678268,54.53292859903514,0.9065857198070282,0.9314284337414206,54.622698276040595,0.5,track
1783258770.779179,54.63959006371384,0.9279180127427682,0.9531986623257414,54.73147205398961,0.5,track
1783258770.8790696,54.746540732636966,0.9493081465273934,0.9750279191767529,54.84054076355578,0.5,track
1783258770.9791238,54.85319937036581,0.970639874073161,0.9967975706726367,54.949311658570295,0.5,track
1783258771.0790837,54.9598889973431,0.9919777994686195,1.0185735472018878,55.05811415654132,0.5,track
1783258771.179151,55.066688152828455,1.013337630565691,1.0403718791816499,55.16702835211233,0.5,track
1783258771.2791169,55.173487541405066,1.0346975082810133,1.0621702587341948,55.27594278539072,0.5,track
1783258771.378006,55.28022249990504,1.0560444999810072,1.083955487735042,55.38479151262549,0.5,track
1783258771.4788644,55.38811613939547,1.0776232278790938,1.1059772116861926,55.49482186725634,0.5,track
1783258771.5789979,55.49368468249058,1.0987369364981165,1.1275243689027754,55.602481079509054,0.5,track
1783258771.678001,55.601272178720976,1.120254435744196,1.1494836061698106,55.71219922804853,0.5,track
1783258771.7788544,55.70704679076247,1.1414093581524933,1.1710728226956881,55.82006859021698,0.5,track
1783258771.8788412,55.81473923161282,1.1629478463225635,1.1930534794606094,55.929893761689456,0.5,track
1783258771.9788961,55.92276135807216,1.184552271614432,1.2151014269472402,56.040055147832646,0.5,track
1783258772.0789535,56.028344332548606,1.2056688665097217,1.2366515288137172,56.147729077264366,0.5,track
1783258772.1791148,56.13524198598347,1.2270483971966946,1.2584699644637738,56.2567437214287,0.5,track
1783258772.2789657,56.24095074448189,1.248190148896379,1.2800457394423026,56.36454592589692,0.5,track
1783258772.378859,56.34849457389754,1.2696989147795072,1.3019960633367629,56.47421954284829,0.5,track
1783258772.4788816,56.455299333071494,1.2910598666142992,1.3237955384545252,56.58313945308281,0.5,track
1783258772.5788798,56.56202566050859,1.3124051321017174,1.3455790050844636,56.691979378325975,0.5,track
1783258772.6789484,56.66898722030855,1.3337974440617097,1.3674104839808146,56.801059194450836,0.5,track
1783258772.7789016,56.77557352138777,1.3551147042775538,1.3891653702779334,56.90975632026776,0.5,track
1783258772.8789284,56.8823306376974,1.3764661275394796,1.4109551209654345,57.0186276441233,0.5,track
1783258772.9790053,56.98910023438254,1.397820046876508,1.4327474189979141,57.1275116955145,0.5,track
1783258773.0788243,57.09491260090902,1.4189825201818036,1.4543443406674588,57.23541955985408,0.5,track
1783258773.178876,57.20254955068332,1.440509910136665,1.476313670811807,57.34518814131064,0.5,track
1783258773.2788436,57.30943139000336,1.4618862780006716,1.498128878493856,57.454186658178955,0.5,track
1783258773.378896,57.41609020321621,1.4832180406432414,1.5198985653546175,57.562957732152746,0.5,track
1783258773.4789379,57.52286872127214,1.5045737442544276,1.5416926868847587,57.67185088159269,0.5,track
1783258773.5788376,57.62853094788574,1.5257061895771482,1.5632589672079147,57.77960563266317,0.5,track
1783258773.6788888,57.73605555351545,1.5472111107030901,1.5852053688050902,57.88925964512262,0.5,track
1783258773.779075,57.843106171176885,1.5686212342353776,1.6070550255199898,57.99843028280219,0.5,track
1783258773.8792498,57.94985310389182,1.589970620778363,1.628842697525501,58.10729122138811,0.5,track
1783258773.978902,58.056816974098865,1.6113633948197736,1.6506746471695046,58.21637339367514,0.5,track
1783258774.0789227,58.16248378414416,1.632496756828832,1.6722418585728132,58.32413281894715,0.5,track
1783258774.1788893,58.2690080099953,1.653801601999059,1.6939840732025269,58.43276664020421,0.5,track
1783258774.2789586,58.37689854719303,1.6753797094386058,1.7160051596716601,58.54279383110486,0.5,track
1783258774.3784943,58.48363430639308,1.6967268612786155,1.7377905486792855,58.6516433748967,0.5,track
1783258774.4788964,58.5906406775883,1.7181281355176594,1.7596311708525418,58.76076888985733,0.5,track
1783258774.5789154,58.69621098804457,1.7392421976089132,1.781178684260694,58.868429904471846,0.5,track
1783258774.678897,58.80288693649888,1.7605773872997752,1.802951864716889,58.97721845303175,0.5,track
1783258774.7788246,58.91075658193825,1.78215131638765,1.824968685629361,59.087224338435696,0.5,track
1783258774.8789408,59.016559066738836,1.8033118133477677,1.8465635868370949,59.195122125352654,0.5,track
1783258774.979678,59.124137721186344,1.8248275442372694,1.8685210148142501,59.304831257007436,0.5,track
1783258775.0788667,59.22996744373155,1.8459934887463114,1.8901214756564677,59.41275682108267,0.5,track
1783258775.1789463,59.33668003268755,1.8673360065375104,1.9119021350246728,59.52158273576919,0.5,track
1783258775.278835,59.44437347491016,1.8888746949820312,1.9338829927220913,59.631408928445,0.5,track
1783258775.3788664,59.55119090961398,1.9102381819227952,1.9556850525576253,59.740341765234334,0.5,track
1783258775.4788299,59.65791770271616,1.9315835405432327,1.9774686124290426,59.84918216536458,0.5,track
1783258775.5788696,59.76386677477253,1.9527733549545059,1.9990934353697944,59.95722944253708,0.5,track
1783258775.6789615,59.871457425934004,1.9742914851868005,2.0210533260191204,60.066950808487576,0.5,track
1783258775.778858,59.978128892069506,1.9956257784139007,2.042825600310413,60.17573478596127,0.5,track
1783258775.8788903,60.084921103824755,2.0169842207649515,2.064622515556071,60.28464190028922,0.5,track
1783258775.9788775,60.19165736338678,2.0383314726773554,2.0864080077035245,60.39349195435216,0.5,track
1783258776.0788221,60.29840180198793,2.0596803603975857,2.108195167000704,60.50235034943111,0.5,track
1783258776.1788409,60.404110431264385,2.0808220862528777,2.1297709098298836,60.610152422118276,0.5,track
1783258776.2788916,60.51191238417183,2.1023824768343653,2.1517739104747533,60.72008927441396,0.5,track
1783258776.3788896,60.618633673895495,2.123726734779099,2.1735563402458804,60.828924062177315,0.5,track
1783258776.4788554,60.725417581009935,2.1450835162019875,2.1953515493876927,60.93782270740016,0.5,track
1783258776.5788615,60.83226538110077,2.1664530762201544,2.2171597983793903,61.046786510929685,0.5,track
1783258776.6788802,60.93807097675614,2.187614195351228,2.2387553268595104,61.15468747030849,0.5,track
1783258776.7789767,61.04575019161335,2.2091500383226697,2.2607332704846024,61.264499153861536,0.5,track
1783258776.8789485,61.15148729647057,2.230297459294114,2.2823148184905437,61.3723302660571,0.5,track
1783258776.9788568,61.25934239846833,2.251868479693665,2.3043286607052993,61.48232132000251,0.5,track
1783258777.0789013,61.365957486524344,2.2731914973048686,2.3260894094083957,61.59104780289073,0.5,track
1783258777.1788628,61.47290350982459,2.294580701964917,2.3479177038436476,61.70011177483254,0.5,track
1783258777.278832,61.58027895696055,2.3160557913921096,2.369833646312023,61.809613674877944,0.5,track
1783258777.3779871,61.68565606554425,2.3371312131088504,2.3913417180131393,61.91707766146881,0.5,track
1783258777.4788382,61.7920206322744,2.3584041264548805,2.4130513357233605,62.02554866173118,0.5,track
1783258777.5788977,61.89967988442035,2.3799359768840698,2.4350252062731,62.13533998723338,0.5,track
1783258777.678585,62.00645399574894,2.401290799149789,2.456818415969196,62.24422864267559,0.5,track
1783258777.778836,62.113267957488645,2.4226535914977294,2.4786197869283786,62.353157937722564,0.5,track
1783258777.8788571,62.22000335772308,2.4440006715446163,2.5004051106993894,62.46200711543987,0.5,track
1783258777.9789262,62.326916805562725,2.4653833611125444,2.522226765450646,62.571037866799834,0.5,track
1783258778.0788517,62.43393059860006,2.4867861197200116,2.544068894424909,62.68017095058402,0.5,track
1783258778.1788352,62.540313886091496,2.508062777218299,2.5657823288079284,62.78866104235182,0.5,track
1783258778.278891,62.64696651311933,2.529393302623866,2.5875507323860467,62.89742580762999,0.5,track
1783258778.3781953,62.75376831321931,2.5507536626438627,2.609349579082946,63.00634270018932,0.5,track
1783258778.4789202,62.86052757746895,2.57210551549379,2.6311397409161725,63.11521621452246,0.5,track
1783258778.5788567,62.96725067837954,2.5934501356759094,2.652922518650636,63.22405284934132,0.5,track
1783258778.678915,63.07415144160612,2.6148302883212233,2.674741555159662,63.333070664883365,0.5,track
1783258778.7781553,63.18152591118921,2.636305182237842,2.696657274264295,63.44257156801654,0.5,track
1783258778.8788793,63.28762248289996,2.657524496579993,2.7183121679249798,63.55076926591223,0.5,track
1783258778.9780586,63.393382270142425,2.678676454028484,2.7398983210149774,63.65862350969277,0.5,track
1783258779.0788841,63.500153653425635,2.7000307306851266,2.761690942192263,63.76750938306365,0.5,track
1783258779.1788766,63.60777395852051,2.721554791704102,2.783656829088599,63.87726099021116,0.5,track
1783258779.278885,63.71352199333922,2.742704398667844,2.8052405801200293,63.9851032488241,0.5,track
1783258779.3788242,63.821256551604435,2.764251310320888,2.8272297844414975,64.09497137180063,0.5,track
1783258779.4789033,63.928057871820414,2.7856115743640824,2.849028513398708,64.20388777497237,0.5,track
1783258779.5788357,64.03484566382005,2.806969132764009,2.8708244820840854,64.3127903820163,0.5,track
1783258779.6789894,64.14159221855957,2.828318443711913,2.8926120337854218,64.42165093514141,0.5,track
1783258779.7788777,64.24832704416075,2.8496654088321485,2.9143971921462066,64.53049952684549,0.5,track
1783258779.878915,64.35516892415734,2.871033784831467,2.9362042353522324,64.6394572930398,0.5,track
1783258779.9788446,64.4610197866726,2.8922039573345186,2.9578090205509686,64.74740441573898,0.5,track
1783258780.0788531,64.56884350257296,2.9137687005145914,2.979816442491948,64.85736346201979,0.5,track
1783258780.1789596,64.6745420250402,2.9349084050080396,3.001390095001803,64.96515522774347,0.5,track
1783258780.2788513,64.78214283206069,2.956428566412137,3.0233519933140993,65.07488695067863,0.5,track
1783258780.3789167,64.88882167463248,2.9777643349264964,3.045125709104146,65.18367845067084,0.5,track
1783258780.4788814,64.99556108395856,2.999112216791713,3.0669117801115116,65.29253171687546,0.5,track
1783258780.5788817,65.1023954185252,3.020479083705042,3.0887172189277705,65.40148178821086,0.5,track
1783258780.6788926,65.20905587126272,3.041811174252545,3.1104871624936914,65.51025453417832,0.5,track
1783258780.7789204,65.3148378658704,3.06296757317408,3.1320778084339986,65.61813142511657,0.5,track
1783258780.8788574,65.42153211122962,3.084306422245924,3.1538546371563965,65.72693863293152,0.5,track
1783258780.9789941,65.52850554396665,3.105701108793328,3.1756884418525457,65.83603055712393,0.5,track
1783258781.0788932,65.63607989371165,3.1272159787423304,3.1976448867121814,65.9457352988263,0.5,track
1783258781.1788769,65.74200656507763,3.1484013130155253,3.219265041755369,66.05375973168731,0.5,track
1783258781.2789168,65.85003440913022,3.170006881826043,3.241314031770298,66.1639269486544,0.5,track
1783258781.3788376,65.95610709814426,3.1912214196288518,3.2629639813324585,66.27210029088279,0.5,track
1783258781.4789567,66.06305663361964,3.212611326723927,3.2847928857801394,66.38116784455451,0.5,track
1783258781.5789764,66.16998703163013,3.233997406326026,3.3066178828540242,66.49021588176487,0.5,track
1783258781.6788676,66.27658598708148,3.2553171974162955,3.328375232540068,66.59892591255986,0.5,track
1783258781.7790918,66.3823164410969,3.276463288219382,3.349955325453025,66.70675024220101,0.5,track
1783258781.8788435,66.49009102898198,3.298018205796396,3.371952607939144,66.81665918754008,0.5,track
1783258781.978851,66.59707244836025,3.3194144896720483,3.393788012466777,66.9257592565404,0.5,track
1783258782.0788713,66.70359989809569,3.340719979619136,3.41553090942565,67.03439636552727,0.5,track
1783258782.1788669,66.81036764106463,3.3620735282129273,3.4373227728133506,67.14327852649146,0.5,track
1783258782.278903,66.91711299898729,3.383422599797459,3.459110021707626,67.25213785909807,0.5,track
1783258782.3788364,67.02392148086527,3.4047842961730543,3.480910126700928,67.36106156576068,0.5,track
1783258782.4788806,67.13065740902223,3.4261314818044477,3.5026954065109,67.46991128185545,0.5,track
1783258782.5788643,67.2373258564288,3.44746517128576,3.5244669045835675,67.57869218081758,0.5,track
1783258782.678449,67.34417089551673,3.4688341791033444,3.5462744341311345,67.68765316866556,0.5,track
1783258782.779011,67.45000568469575,3.490001136939151,3.5678757738605453,67.79558389971373,0.5,track
1783258782.878831,67.55760701856893,3.5115214037137865,3.589837635537258,67.90531615993532,0.5,track
1783258782.9788537,67.66433526874056,3.5328670537481104,3.6116213025921615,68.01415804599067,0.5,track
1783258783.078899,67.77126068197178,3.554252136394356,3.6334451978379754,68.12320099970367,0.5,track
1783258783.1788697,67.87786659217011,3.5755733184340226,3.655203877001145,68.2319181229768,0.5,track
1783258783.2789538,67.98464549420544,3.596929098841088,3.6769978502828957,68.34081166400043,0.5,track
1783258783.3789139,68.09145308773269,3.6182906175465384,3.6987976731118155,68.44973446471948,0.5,track
1783258783.4788287,68.19815271306327,3.639630542612654,3.720575455225926,68.55854715905022,0.5,track
1783258783.579393,68.30491771154985,3.660983542309971,3.7423665751001622,68.66742652118057,0.5,track
1783258783.6789074,68.41158826620831,3.6823176532416624,3.76413841541981,68.77620956912642,0.5,track
1783258783.7788796,68.51849831518601,3.7036996630372006,3.785959135388263,68.8852368543137,0.5,track
1783258783.878903,68.62509379035916,3.7250187580718337,3.807715655510175,68.99394333590745,0.5,track
1783258783.978967,68.73192993132173,3.746385986264347,3.8295215117024,69.10289524941246,0.5,track
1783258784.0788856,68.83866799949432,3.7677335998988646,3.851307386633493,69.21174714790351,0.5,track
1783258784.1788688,68.94511057347086,3.789022114694172,3.873032804939597,69.32029770026018,0.5,track
1783258784.2790635,69.052116173951,3.8104232347902016,3.8948730518352113,69.42942242924258,0.5,track
1783258784.378856,69.1578286974495,3.8315657394899016,3.916449380546987,69.53722847327258,0.5,track
1783258784.4788277,69.2647940374,3.8529588074799985,3.938281374268641,69.6463121444097,0.5,track
1783258784.5788949,69.37240318757276,3.8744806375145506,3.960244767098704,69.75605237572411,0.5,track
1783258784.678862,69.47812734037706,3.8956254680754125,3.9818234715367398,69.86387027936556,0.5,track
1783258784.7788675,69.58608811718116,3.917217623436233,4.003858641873347,69.97396910089091,0.5,track
1783258784.878859,69.69299520617581,3.938599041235161,4.025678781131682,70.08299336747592,0.5,track
1783258784.979535,69.79947703463866,3.959895406927731,4.047412139153886,70.19158395171094,0.5,track
1783258785.0788105,69.9061434759295,3.9812286951859006,4.069183184729632,70.30036280482845,0.5,track
1783258785.1789596,70.01290753249378,4.002581506498759,4.090974163731775,70.40924120638277,0.5,track
1783258785.2788768,70.1196720015757,4.023934400315138,4.112765240510196,70.51812002862417,0.5,track
1783258785.3788233,70.2265364188933,4.04530728377866,4.1345767304240395,70.62710077846641,0.5,track
1783258785.4789796,70.33216038622315,4.066432077244631,4.156135067232362,70.73481651257002,0.5,track
1783258785.5788178,70.43997889921171,4.087995779842342,4.178141307278169,70.84477025290106,0.5,track
1783258785.6788254,70.54665516994194,4.109331033988388,4.199914436309743,70.9535591301192,0.5,track
1783258785.7788444,70.65345322680957,4.1306906453619145,4.221712430602981,71.06247220531557,0.5,track
1783258785.8789237,70.76031373577489,4.152062747154978,4.243523178810575,71.1714489694049,0.5,track
1783258785.9788766,70.86703024879209,4.173406049758419,4.265304543042626,71.28027888586436,0.5,track
1783258786.0788276,70.9737219561919,4.1947443912383795,4.2870811387137335,71.38908350545839,0.5,track
1783258786.178931,71.07954202507717,4.215908405015435,4.30867993372127,71.49699922469354,0.5,track
1783258786.2788904,71.18717752412412,4.237435504824824,4.33064906420534,71.60676632669268,0.5,track
1783258786.3788414,71.29395205782683,4.258790411565366,4.352442397164654,71.71565541287364,0.5,track
1783258786.478862,71.40068706024432,4.280137412048864,4.374227627917669,71.82450418489569,0.5,track
1783258786.5788426,71.5075169038565,4.301503380771299,4.396032208947288,71.9334496763382,0.5,track
1783258786.6788611,71.61435369470183,4.322870738940366,4.417838216694823,72.04240225259619,0.5,track
1783258786.7788153,71.72100869273761,4.344201738547523,4.4396071365516105,72.15116943583752,0.5,track
1783258786.8788426,71.8276899006454,4.365537980129078,4.4613814214037415,72.2599633480086,0.5,track
1783258786.9788222,71.93441670544388,4.386883341088775,4.483165027384931,72.36880376006678,0.5,track
1783258787.078921,72.04121738678228,4.4082434773564545,4.504963724311494,72.47771951170867,0.5,track
1783258787.178816,72.14793543290428,4.429587086580855,4.526745566620968,72.5865509916344,0.5,track
1783258787.2787156,72.25466145862251,4.4509322917245004,4.548529044037349,72.69539060918348,0.5,track
1783258787.3782516,72.36146520371665,4.47229304074333,4.570328389457106,72.80430948525546,0.5,track
1783258787.4787772,72.46843269449404,4.493686538898808,4.592161160693056,72.91339534981424,0.5,track
1783258787.578873,72.57410321712159,4.5148206434243185,4.613729210987214,73.02115856119212,0.5,track
1783258787.6788096,72.68165956806516,4.536331913613032,4.635682174701231,73.13084494764655,0.5,track
1783258787.778796,72.78850764272914,4.557701528545827,4.657490573686995,73.23980903118684,0.5,track
1783258787.878876,72.89540717750022,4.5790814355000435,4.679309473879166,73.34882559394518,0.5,track
1783258787.9789295,73.00113441446607,4.600226882893212,4.700889091120728,73.4566466428266,0.5,track
1783258788.0788221,73.10874489905387,4.621748979810775,4.7228531042511195,73.56638823498268,0.5,track
1783258788.1780832,73.21545489728005,4.64309097945601,4.744633314022198,73.67521150763284,0.5,track
1783258788.2789352,73.32135866681496,4.664271733362991,4.7662488241753165,73.78321258511713,0.5,track
1783258788.378857,73.4289884857254,4.685797697145079,4.788216801530989,73.8929738944909,0.5,track
1783258788.478881,73.53610533326076,4.707221066652154,4.810080150907706,74.00221207365438,0.5,track
1783258788.5781643,73.64250435121176,4.7285008702423506,4.831797044289097,74.11071820740621,0.5,track
1783258788.678914,73.74819576108604,4.749639152217206,4.853369536367033,74.21850271967983,0.5,track
1783258788.7789598,73.85594226273484,4.771188452546967,4.87536154938318,74.32838302256555,0.5,track
1783258788.8788579,73.96165144726544,4.792330289453089,4.896937715569008,74.43618566150306,0.5,track
1783258788.9782033,74.06967727973176,4.813935455946352,4.918986792525747,74.54635082704664,0.5,track
1783258789.0788088,74.1763308898613,4.8352661779722625,4.940755779443256,74.65511659489577,0.5,track
1783258789.1789017,74.28337365738163,4.856674731476326,4.962604229970496,74.76427922697079,0.5,track
1783258789.2788692,74.38972349275721,4.877944698551442,4.984311229113898,74.87273520414027,0.5,track
1783258789.3788261,74.49666507289332,4.899333014578665,5.006139058786121,74.98179464492597,0.5,track
1783258789.4789484,74.60232452556069,4.920464905112137,5.027705170063187,75.08954656711526,0.5,track
1783258789.5788772,74.70995642114748,4.941991284229496,5.049673958484017,75.19930999429167,0.5,track
1783258789.6788461,74.81673757181377,4.963347514362755,5.071469081356698,75.30820582847792,0.5,track
1783258789.7784574,74.92387075070287,4.984774150140574,5.093336081522323,75.41746066241967,0.5,track
1783258789.8789659,75.03021806566969,5.0060436131339365,5.115042652455656,75.52591406926648,0.5,track
1783258789.9790137,75.13700342103196,5.027400684206392,5.13683865837225,75.63481419141812,0.5,track
1783258790.0789626,75.24382214785768,5.048764429571536,5.158641488049495,75.7437483459184,0.5,track
1783258790.1789603,75.34964884639199,5.069929769278398,5.180241780421941,75.85167082609551,0.5,track
1783258790.2788863,75.45728815503927,5.091457631007852,5.202212144135429,75.96144181313993,0.5,track
1783258790.3788607,75.56426398747067,5.112852797494135,5.224047053773359,76.07053618455005,0.5,track
1783258790.478291,75.67072930193902,5.134145860387802,5.2457777258511165,76.17910992774902,0.5,track
1783258790.5789547,75.77747708009616,5.155495416019232,5.267565374792344,76.2879717285202,0.5,track
1783258790.678856,75.88427084710901,5.176854169421803,5.289362885872871,76.39688042890594,0.5,track
1783258790.7790062,75.99098792384758,5.198197584769516,5.3111450082985625,76.50571092025065,0.5,track
1783258790.8788579,76.09688872644654,5.219377745289307,5.332760607579637,76.61370897204209,0.5,track
1783258790.9788692,76.20446841594972,5.240893683189945,5.354719069939629,76.7234191592507,0.5,track
1783258791.0789025,76.31046863646337,5.262093727292674,5.376355069428941,76.83151859781954,0.5,track
1783258791.1789262,76.41827058412339,5.283654116824677,5.398358956621213,76.94145544476387,0.5,track
1783258791.278871,76.52462932023592,5.304925864047183,5.420068181782962,77.04992049893966,0.5,track
1783258791.3788896,76.63147337925528,5.326294675851058,5.441876513782539,77.1588804873099,0.5,track
1783258791.478878,76.73823246703338,5.347646493406676,5.463667511255033,77.26775382167668,0.5,track
1783258791.578953,76.84499693364714,5.368999386729428,5.485459626025383,77.37663264140105,0.5,track
1783258791.6788585,76.95078188862772,5.390156377725543,5.507051759440845,77.48451255133915,0.5,track
1783258791.7789822,77.05751995806132,5.411503991612263,5.528838531743356,77.59336445111617,0.5,track
1783258791.8781276,77.16530761315165,5.433061522630331,5.550839644177783,77.70328672244219,0.5,track
1783258791.9788144,77.27197680883233,5.454395361766467,5.57261238608315,77.8120683844972,0.5,track
1783258792.0788348,77.37884429910125,5.47576885982025,5.594425637524166,77.92105226814718,0.5,track
1783258792.1780288,77.48554946018365,5.49710989203673,5.616205757221409,78.02987060785921,0.5,track
1783258792.2787902,77.59222386607952,5.518444773215903,5.637979608378187,78.13865758331201,0.5,track
1783258792.378874,77.69900341139542,5.539800682279086,5.65977495380019,78.24755178035568,0.5,track
1783258792.4788473,77.80576772176885,5.561153544353768,5.681567197265481,78.35643044074554,0.5,track
1783258792.5788834,77.91248906005154,5.58249781201031,5.703350656899412,78.46526527802959,0.5,track
1783258792.67886,78.01921833246567,5.603843666493134,5.725134628389646,78.57410820657182,0.5,track
1783258792.778244,78.12618330933896,5.625236661867791,5.746967487827451,78.6831915074414,0.5,track
1783258792.8789184,78.23174950986714,5.646349901973428,5.768515075276344,78.79084833073522,0.5,track
1783258792.978924,78.34003677432597,5.6680073548651935,5.790618636124593,78.90128010564504,0.5,track
1783258793.0789063,78.44634065272356,5.689268130544711,5.812317217058861,79.00968921570903,0.5,track
1783258793.1788723,78.55314608148365,5.710629216296731,5.834118271318927,79.1186098087901,0.5,track
1783258793.278896,78.66291050677178,5.732582101354355,5.856523658763931,79.23054799807859,0.5,track
1783258793.378873,78.76649860248398,5.753299720496795,5.877667672057087,79.33618754236107,0.5,track
1783258793.4788544,78.87352544677299,5.774705089354599,5.899514029125978,79.44533393586266,0.5,track
1783258793.5789042,78.98013469111561,5.7960269382231235,5.921275143929865,79.55405445930916,0.5,track
1783258793.6788547,79.08673481785863,5.817346963571726,5.9430344247824065,79.66276568459196,0.5,track
1783258793.7788596,79.19291684542314,5.838583369084629,5.964708352836395,79.77105053070082,0.5,track
1783258793.8788533,79.30029509457485,5.860059018914969,5.986626643257248,79.88055528825282,0.5,track
1783258793.9788704,79.40697480019827,5.881394960039654,6.008402287968465,79.98934766838846,0.5,track
1783258794.0788558,79.51411320105045,5.902822640210089,6.030271674039875,80.09860782770852,0.5,track
1783258794.1788816,79.62058818037093,5.924117636074186,6.052005547547198,80.20719142716143,0.5,track
1783258794.278898,79.72830576734228,5.945661153468455,6.073993262622498,80.31704224274624,0.5,track
1783258794.3788579,79.83409882464582,5.966819764929165,6.095587857023556,80.42493041546493,0.5,track
1783258794.4788935,79.94079370781544,5.98815874156309,6.117366665981722,80.53373827372141,0.5,track
1783258794.5788999,80.04717257150915,6.00943451430183,6.139080903744951,80.64222385408301,0.5,track
1783258794.678882,80.15431711210725,6.030863422421451,6.1609515446554814,80.75149027473995,0.5,track
1783258794.7790263,80.26101860757146,6.052203721514292,6.182730396210371,80.86030487624025,0.5,track
1783258794.878903,80.3680645929768,6.073612918595358,6.204579586180365,80.96947078992696,0.5,track
1783258794.9785943,80.47363441116448,6.094726882232897,6.226128213065163,81.07713130252405,0.5,track
1783258795.0789552,80.58088004336203,6.116176008672406,6.248019817610334,81.18650081678862,0.5,track
1783258795.178903,80.68797893644097,6.137595787288194,6.269881700206477,81.29572068592736,0.5,track
1783258795.2789562,80.7948178803188,6.15896357606376,6.291690591524909,81.40467545785631,0.5,track
1783258795.3788815,80.90052289437716,6.18010457887543,6.313267908081179,81.51247384372994,0.5,track
1783258795.4790537,81.00738010965449,6.201476021930899,6.335080649611875,81.62144724890342,0.5,track
1783258795.578867,81.11499379197097,6.222998758394195,6.357047919006917,81.73119210211567,0.5,track
1783258795.6788495,81.22177141422986,6.244354282845973,6.378844393596799,81.8400843380183,0.5,track
1783258795.7788038,81.32889883440046,6.265779766880094,6.400712328498887,81.94933329919645,0.5,track
1783258795.8788943,81.43419117857562,6.286838235715123,6.4222054167523845,82.05671084271265,0.5,track
1783258795.979006,81.54202057983284,6.308404115966566,6.444216748653484,82.16667568694257,0.5,track
1783258796.0788906,81.64876020925969,6.329752041851938,6.466005440025124,82.27552917760681,0.5,track
1783258796.1788802,81.75554783187089,6.351109566374177,6.487803861390809,82.38443161190773,0.5,track
1783258796.2788215,81.86233815968794,6.372467631937587,6.509602750367816,82.49333680498816,0.5,track
1783258796.3788753,81.96912280130189,6.393824560260379,6.531400374490755,82.60223619925648,0.5,track
1783258796.4789507,82.07479724684893,6.414959449369787,6.552971117480857,82.71000341124298,0.5,track
1783258796.578819,82.18251924734747,6.436503849469492,6.574959949548206,82.81985872776002,0.5,track
1783258796.678881,82.28928555679897,6.457857111359796,6.5967534355935,82.92873942681754,0.5,track
1783258796.7779884,82.3954428231798,6.479088564635961,6.618422367743128,83.03699902137464,0.5,track
1783258796.8788402,82.50197763021788,6.500395526043578,6.640166189478262,83.14564363336743,0.5,track
1783258796.9789176,82.60956459813094,6.521912919626188,6.662124544711659,83.25536124312683,0.5,track
1783258797.078842,82.71633477781293,6.5432669555625855,6.683917638240184,83.36424588906047,0.5,track
1783258797.1787894,82.82325113721282,6.564650227442562,6.705741459843316,83.47327960964094,0.5,track
1783258797.2788277,82.92979424786242,6.5859588495724815,6.727489511987574,83.58193268968918,0.5,track
1783258797.3788962,83.03642023532629,6.6072840470652565,6.749254690371189,83.69067028783604,0.5,track
1783258797.4789093,83.14232749340451,6.6284654986808995,6.770873150185456,83.79867492295044,0.5,track
1783258797.5782685,83.25009300023476,6.650018600046951,6.792871099490562,83.90857460739437,0.5,track
1783258797.6788561,83.35686597322763,6.671373194645527,6.814666296780478,84.01746210195738,0.5,track
1783258797.7789586,83.46360942050167,6.692721884100335,6.8364553640142525,84.12631948607708,0.5,track
1783258797.8789365,83.56987508530872,6.713975017061746,6.858146752012055,84.23468962577229,0.5,track
1783258797.9788516,83.67708448349418,6.735416896698836,6.8800306790893195,84.34402218844991,0.5,track
1783258798.0788527,83.78388105097511,6.75677621019502,6.9018301433953315,84.45293374476391,0.5,track
1783258798.1789095,83.89060231611043,6.778120463222088,6.923614045313843,84.561768507452,0.5,track
1783258798.2788708,83.99742906269627,6.799485812539254,6.945419283907169,84.67071084053495,0.5,track
1783258798.3788757,84.10413798803768,6.8208275976075345,6.96720026988951,84.77953301905302,0.5,track
1783258798.4788775,84.21079580619221,6.842159161238444,6.98897062501322,84.88830307826247,0.5,track
1783258798.5789096,84.31771311148862,6.8635426222977225,7.0107937473247794,84.99733776347188,0.5,track
1783258798.6790855,84.42440718339452,6.884881436678905,7.0325711233924135,85.10614479439846,0.5,track
1783258798.778891,84.53109569779446,6.90621913955889,7.054347194186807,85.21494615775876,0.5,track
1783258798.8789468,84.63809916503187,6.927619833006374,7.07618738508362,85.3240687112519,0.5,track
1783258798.9798336,84.74464822932529,6.94892964586506,7.097932744568022,85.43272786284933,0.5,track
1783258799.0789077,84.85136152292873,6.970272304585746,7.119710862792917,85.54155449613808,0.5,track
1783258799.1791213,84.95716680054915,6.99143336010983,7.14130487923977,85.6494551311836,0.5,track
1783258799.2791717,85.0648998773014,7.012979975460282,7.163293193583547,85.75932174330742,0.5,track
1783258799.3788655,85.17063553217568,7.034127106435135,7.184874284615912,85.86715137680471,0.5,track
1783258799.4788527,85.27858608231438,7.0557172164628765,7.206907767062504,85.97723976913677,0.5,track
1783258799.578888,85.38515207573114,7.077030415146228,7.228658787475801,86.08591618512025,0.5,track
1783258799.6788747,85.49192286620567,7.098384573241132,7.250451676598937,86.19480145394252,0.5,track
1783258799.7788513,85.59888751698176,7.119777503396351,7.272284142358382,86.30388442225691,0.5,track
1783258799.878901,85.70541927879816,7.141083855759634,7.294028229570397,86.41252592872078,0.5,track
1783258799.978836,85.81211515468107,7.162423030936214,7.315805761931583,86.52133479935013,0.5,track
1783258800.0785356,85.9190785061638,7.183815701232761,7.337637815202631,86.63041644264008,0.5,track
1783258800.1789436,86.02568285382515,7.205136570765029,7.359396526710263,86.73913197243188,0.5,track
1783258800.278849,86.13247044145004,7.226494088290007,7.381192551711962,86.84803437105364,0.5,track
1783258800.3788638,86.23920274704894,7.247840549409787,7.402977212116497,86.95688039284956,0.5,track
1783258800.478919,86.34622599744654,7.269245199489308,7.424821155179406,87.06602312128666,0.5,track
1783258800.5781195,86.45275891060724,7.290551782121449,7.446564967600492,87.17466580189593,0.5,track
1783258800.6790583,86.55949648285144,7.311899296570289,7.46835046088146,87.28351719463726,0.5,track
1783258800.7783444,86.66619863504847,7.333239727009695,7.490128662052394,87.39233246587625,0.5,track
1783258800.8788576,86.77304943163975,7.35460988632795,7.511937129045846,87.50129932524862,0.5,track
1783258800.9788582,86.8798103489336,7.375962069786719,7.533727199430394,87.61017452536271,0.5,track
1783258801.078101,86.98642971356085,7.397285942712168,7.555488337110158,87.71890536951494,0.5,track
1783258801.1788585,87.09320739296878,7.418641478593756,7.577280339238607,87.82779766369839,0.5,track
1783258801.2788818,87.19917493596378,7.439834987192756,7.598906387606548,87.93586377760619,0.5,track
1783258801.3788822,87.3068351929983,7.461367038599662,7.620878634911247,88.04565612789769,0.5,track
1783258801.478982,87.41339684469608,7.482679368939214,7.642627251113533,88.1543281161792,0.5,track
1783258801.5787148,87.5202941825099,7.50405883650198,7.664444738018304,88.26334243847197,0.5,track
1783258801.6787264,87.62681808206446,7.525363616412894,7.686186251847451,88.37197592697052,0.5,track
1783258801.7787113,87.73366878887809,7.546733757775618,7.707994605350478,88.48094269478727,0.5,track
1783258801.878762,87.83929369744425,7.567858739488851,7.7295528927322,88.58865938876735,0.5,track
1783258801.9786928,87.94711663355702,7.5894233267114055,7.75155977948409,88.69861763981773,0.5,track
1783258802.078765,88.05386012780458,7.610772025560917,7.773346405531018,88.8074750718412,0.5,track
1783258802.178725,88.16057832975117,7.632115665950234,7.795127871329437,88.91630671067745,0.5,track
1783258802.2787373,88.26740005022369,7.653480010044737,7.8169304518942555,89.02524391811042,0.5,track
1783258802.378772,88.37411325697973,7.674822651395945,7.838710873160165,89.13407046283183,0.5,track
1783258802.4780366,88.48400033322659,7.6968000666453165,7.86113891748257,89.24613373204672,0.5,track
1783258802.578828,88.58770720808562,7.717541441617124,7.882305855015537,89.35189440776671,0.5,track
1783258802.6786802,88.69445816953254,7.738891633906509,7.904093912051344,89.46075945486925,0.5,track
1783258802.778355,88.80114341157721,7.760228682315441,7.925868536897817,89.56955748106886,0.5,track
1783258802.8786838,88.90784872042579,7.781569744085158,7.947647234386105,89.67837597147343,0.5,track
1783258802.9787045,89.01458835275318,7.802917670550636,7.969432915615311,89.78722946509565,0.5,track
1783258803.078757,89.12134016787985,7.824268033575969,7.991221063037493,89.89609538278411,0.5,track
1783258803.1788087,89.22770275925036,7.845540551850072,8.012929777354735,90.00456436856703,0.5,track
1783258803.278719,89.33487065975905,7.866974131951812,8.034801145659145,90.11385461175195,0.5,track
1783258803.3786776,89.44173890993008,7.888347781986017,8.056611940541588,90.22283927035306,0.5,track
1783258803.4787536,89.54841167617742,7.909682335235484,8.07838323367802,90.33162457368587,0.5,track
1783258803.5787017,89.65519605675246,7.931039211350493,8.100177548783243,90.44052370174569,0.5,track
1783258803.6787233,89.7620815270734,7.952416305414682,8.12199263782673,90.5495259215229,0.5,track
1783258803.778708,89.86871778909011,7.973743557818022,8.143756954446465,90.65827399769884,0.5,track
1783258803.8788054,89.97535070525214,7.99507014105043,8.16552062133093,90.76701866175915,0.5,track
1783258803.978834,90.08213705660896,8.016427411321791,8.187315599603217,90.87591979962991,0.5,track
1783258804.0787628,90.1888956034706,8.03777912069412,8.209104911379026,90.98479258236799,0.5,track
1783258804.178816,90.29563832052145,8.05912766410429,8.230890943249184,91.09364922180322,0.5,track
1783258804.278774,90.40152296078865,8.08030459215773,8.252501881241056,91.20163079118566,0.5,track
1783258804.3786485,90.5091554208551,8.101831084171017,8.274469348598016,91.3113947940206,0.5,track
1783258804.4788976,90.61586973998268,8.123173947996536,8.296249475173646,91.42022247314287,0.5,track
1783258804.5787356,90.72265172097136,8.14453034419427,8.318043379217048,91.52911915409514,0.5,track
1783258804.6787577,90.82939472204276,8.165878944408554,8.339829296603384,91.63797608317566,0.5,track
1783258804.7787192,90.9361868133449,8.187237362668979,8.361625194003542,91.74688307466505,0.5,track
1783258804.8787289,91.04294833090522,8.208589666181043,8.383414823383267,91.85575888693322,0.5,track
1783258804.9788814,91.14963957304516,8.229927914609034,8.405190078360333,91.96456303205343,0.5,track
1783258805.0788238,91.25634351621488,8.251268703242978,8.426967895174238,92.07338012973338,0.5,track
1783258805.1787531,91.36312506419034,8.272625012838068,8.448761528162343,92.18227636909707,0.5,track
1783258805.278695,91.47000254488566,8.294000508977131,8.47057470647107,92.29127044102287,0.5,track
1783258805.3787546,91.57602888158476,8.315205776316951,8.492214260048444,92.39939651297956,0.5,track
1783258805.4787557,91.68339824605854,8.336679649211709,8.514126953009853,92.50889220990236,0.5,track
1783258805.5787323,91.79012865794915,8.35802573158983,8.535909518944756,92.61773630048717,0.5,track
1783258805.678886,91.89692331872402,8.379384663744805,8.557705319918233,92.72664591233487,0.5,track
1783258805.7787354,92.00361979947846,8.40072395989569,8.579481173991962,92.83545539981458,0.5,track
1783258805.8787112,92.10992129318636,8.421984258637272,8.601176506276687,92.9438620779627,0.5,track
1783258805.9787314,92.21718948844358,8.443437897688717,8.623069002546645,93.05325460212362,0.5,track
1783258806.0787463,92.32389111333973,8.464778222667945,8.644845937102996,93.16206933561911,0.5,track
1783258806.178846,92.43081926133294,8.48616385226659,8.666669037039265,93.27111507825306,0.5,track
1783258806.2786877,92.53740990322069,8.507481980644137,8.688423270184655,93.37981663084345,0.5,track
1783258806.3787594,92.6441514714454,8.52883029428908,8.710208231591698,93.4886720987013,0.5,track
1783258806.478719,92.75092892166569,8.55018578433314,8.732000457721561,93.59756415915831,0.5,track
1783258806.5787575,92.85766946349432,8.571533892698861,8.753785090398177,93.70641858029342,0.5,track
1783258806.678671,92.96461565911196,8.59292313182239,8.775611599863645,93.81548272796519,0.5,track
1783258806.7784123,93.07032257258717,8.614064514517436,8.797185401461963,93.92328305087156,0.5,track
1783258806.8786914,93.17803005223026,8.63560601044605,8.819167028039413,94.03312355896355,0.5,track
1783258806.9787228,93.28469627611454,8.656939255222907,8.8409363074319,94.141902190369,0.5,track
1783258807.078766,93.39148823693799,8.678297647387597,8.86273119869087,94.2508090487957,0.5,track
1783258807.17864,93.49815115908369,8.699630231816737,8.884499742239372,94.35958431307526,0.5,track
1783258807.2787702,93.60492735133084,8.72098547026617,8.906291335687992,94.46847509064635,0.5,track
1783258807.3786745,93.71182648459981,8.742365296919964,8.928107959961025,94.57749124395127,0.5,track
1783258807.4788103,93.81866148247906,8.763732296495812,8.949911480076333,94.68644199173545,0.5,track
1783258807.5788589,93.92529930598982,8.785059861197967,8.9716747068455,94.79519166032915,0.5,track
1783258807.678808,94.03194740728188,8.806389481456376,8.993439910252997,94.90395181024431,0.5,track
1783258807.778756,94.13888573715886,8.827777147431773,9.015264224164232,95.01300793640306,0.5,track
1783258807.8787901,94.24544512068135,8.849089024136273,9.037011257258964,95.12167761159058,0.5,track
1783258807.9787362,94.35138347805403,8.870276695610805,9.058631710273753,95.22971396188683,0.5,track
1783258808.0787883,94.45898977327155,8.891797954654312,9.080592128473075,95.33945128170674,0.5,track
1783258808.1788716,94.56568308762729,8.913136617525458,9.10236642674914,95.4482575400807,0.5,track
1783258808.278386,94.67269074942608,8.934538149885217,9.12420479654332,95.5573843712039,0.5,track
1783258808.3787372,94.77860521713399,8.955721043426799,9.145820322096233,95.66539635872678,0.5,track
1783258808.47881,94.8861168745373,8.977223374907457,9.16776132750414,95.7750371665344,0.5,track
1783258808.5781062,94.99279012340381,8.998558024680763,9.189531426354469,95.88382296204415,0.5,track
1783258808.678703,95.09947408161341,9.019894816322681,9.211303664056787,95.99261967898376,0.5,track
1783258808.7786782,95.20638510676906,9.041277021353814,9.23312212583793,96.10164795968115,0.5,track
1783258808.878782,95.31291690274581,9.062583380549164,9.25486326205,96.21028950098184,0.5,track
1783258808.9787483,95.41976205821832,9.083952411643665,9.27666820954619,96.31925060751928,0.5,track
1783258809.078771,95.52665840489036,9.10533168097807,9.29848354831233,96.42826391904177,0.5,track
1783258809.178719,95.6332882840063,9.12665765680126,9.320244546398273,96.53700548591063,0.5,track
1783258809.278352,95.74000524591698,9.148001049183396,9.342023249197945,96.6458358601534,0.5,track
1783258809.3787374,95.84679529013466,9.169359058026933,9.363816810113033,96.7547407640181,0.5,track
1783258809.4788322,95.95350950990878,9.190701901981758,9.3855948944863,96.8635683418193,0.5,track
1783258809.5787904,96.06042255161321,9.212084510322644,9.407413462118981,96.972598679001,0.5,track
1783258809.6788414,96.16706624397946,9.233413248795891,9.429177370855086,97.0813543326764,0.5,track
1783258809.7783182,96.27372296107417,9.254744592214834,9.450943912578047,97.19012326902075,0.5,track
1783258809.8787982,96.37996638127645,9.27599327625529,9.472626049345937,97.29847072358119,0.5,track
1783258809.9787886,96.48723867500733,9.297447735001466,9.49451772277971,97.40786742738152,0.5,track
1783258810.078688,96.59411286022393,9.318822572044784,9.516328261984004,97.51685813856525,0.5,track
1783258810.178716,96.70078695483045,9.340157390966088,9.538098050293067,97.62564479656396,0.5,track
1783258810.2786553,96.80771480017506,9.361542960035012,9.559919551702533,97.73469023055569,0.5,track
1783258810.3787618,96.91430714262845,9.382861428525688,9.581672706735844,97.84339351738956,0.5,track
1783258810.478687,97.02102393706875,9.40420478741375,9.603451223611156,97.9522237208454,0.5,track
1783258810.5788383,97.12789802450146,9.425579604900294,9.625261787271203,98.06121433230877,0.5,track
1783258810.6786451,97.23453156827529,9.446906313655056,9.647023335408068,98.16995963641001,0.5,track
1783258810.778726,97.34126998882576,9.468253997765151,9.668806213754186,98.2788118942574,0.5,track
1783258810.8787565,97.44804226161662,9.489608452323324,9.690596001320358,98.38769867475165,0.5,track
1783258810.9787798,97.55482141472078,9.510964282944155,9.712387181783933,98.49659247181626,0.5,track
1783258811.0787346,97.6607735840388,9.53215471680776,9.734009849426531,98.60464290758827,0.5,track
1783258811.1789386,97.76828228276422,9.553656456552844,9.755949608638034,98.71428069812464,0.5,track
1783258811.2786624,97.87524831337609,9.57504966267522,9.777778817127492,98.82336507360097,0.5,track
1783258811.3787696,97.98168008279993,9.596336016559983,9.799499158446576,98.93190460743261,0.5,track
1783258811.4788406,98.08779801006361,9.617559602012722,9.821155581826506,99.04012408380453,0.5,track
1783258811.57907,98.19543304076399,9.6390866081528,9.843121012635732,99.14989070818201,0.5,track
1783258811.6788292,98.24851442443776,9.649702884887553,9.853953764103181,99.20402331041421,0.5,track
1783258811.7787566,98.40891675530162,9.681783351060322,9.886687977521946,99.36760223343433,0.5,track
1783258811.878813,98.51556352774261,9.703112705548522,9.908451759475259,99.476361028182,0.5,track
1783258811.9787452,98.62234872187287,9.724469744374575,9.930244166327045,99.5852609859086,0.5,track
1783258812.0788722,98.72901355741956,9.745802711483915,9.952012206308593,99.69403820148196,0.5,track
1783258812.1787982,98.83588562511383,9.767177125022767,9.973822272043629,99.80302675320817,0.5,track
1783258812.2788248,98.9417949937681,9.78835899875362,9.995436161050225,99.91103354069625,0.5,track
1783258812.3787959,99.04936899006677,9.809873798013353,10.017389199955675,100.02073792195264,0.5,track
1783258812.4788382,99.15606043141071,9.831212086282143,10.039162490937965,100.12954227022189,0.5,track
1783258812.5787666,99.26284140128392,9.852568280256783,10.060954080883638,100.23843792003464,0.5,track
1783258812.6787214,99.3696146634127,9.873922932682541,10.082744230203165,100.34732570945957,0.5,track
1783258812.7787652,99.47632297244257,9.895264594488516,10.104521112735213,100.45614725946074,0.5,track
1783258812.878915,99.58310122624142,9.916620245248284,10.126312294774479,100.56504013941027,0.5,track
1783258812.9787488,99.6898155480003,9.937963109600057,10.148090491243584,100.67386782121594,0.5,track
1783258813.0788496,99.79661483265805,9.95932296653161,10.169886142571729,100.78278214851747,0.5,track
1783258813.178744,99.90353983101872,9.980707966203745,10.19170734608004,100.89182467914385,0.5,track
1783258813.2787852,100.0,10.0,10.213465612828966,100.99019513592785,0.5,track
1783258813.3783314,100.0,10.0,10.236054450102348,100.99019513592785,0.5,track
1783258813.4787436,100.0,10.0,10.2595498812721,100.99019513592785,0.5,track
1783258813.5787742,100.0,10.0,10.284379020083614,100.99019513592785,0.5,track
1783258813.6787274,100.0,10.0,10.309972752384617,100.99019513592785,0.5,track
1783258813.7787886,100.0,10.0,10.337273243356966,100.99019513592785,0.5,track
1783258813.8788085,100.0,10.0,10.365430941964838,100.99019513592785,0.5,track
1783258813.97919,100.0,10.0,10.39469393308559,100.99019513592785,0.5,track
1783258814.078738,100.0,10.0,10.425056553557457,100.99019513592785,0.5,track
1783258814.1787164,100.0,10.0,10.45652214622023,100.99019513592785,0.5,track
1783258814.2787857,100.0,10.0,10.489052394919076,100.99019513592785,0.5,track
1783258814.378756,100.0,10.0,10.522650797866197,100.99019513592785,0.5,track
1783258814.478784,100.0,10.0,10.557028537195917,100.99019513592785,0.5,track
1783258814.5787675,100.0,10.0,10.593041564841238,100.99019513592785,0.5,track
1783258814.6789231,100.0,10.0,10.629562047778784,100.99019513592785,0.5,track
1783258814.778754,100.0,10.0,10.667624195432403,100.99019513592785,0.5,track
1783258814.878791,100.0,10.0,10.706386485272237,100.99019513592785,0.5,track
1783258814.9787292,100.0,10.0,10.746209021633828,100.99019513592785,0.5,track
1783258815.0787468,100.0,10.0,10.787006931654208,100.99019513592785,0.5,track
1783258815.178867,100.0,10.0,10.828538139611847,100.99019513592785,0.5,track
1783258815.2787561,100.0,10.0,10.87153841007268,100.99019513592785,0.5,track
1783258815.3787699,100.0,10.0,10.915273513574059,100.99019513592785,0.5,track
1783258815.4789817,100.0,10.0,10.959582863455166,100.99019513592785,0.5,track
1783258815.5787268,100.0,10.0,11.005564734324262,100.99019513592785,0.5,track
1783258815.6787007,100.0,10.0,11.052167666254476,100.99019513592785,0.5,track
1783258815.7786818,100.0,10.0,11.099576244507533,100.99019513592785,0.5,track
1783258815.8787065,100.0,10.0,11.147917474778446,100.99019513592785,0.5,track
1783258815.9787257,100.0,10.0,11.197159099432993,100.99019513592785,0.5,track
1783258816.078708,100.0,10.0,11.247306202330549,100.99019513592785,0.5,track
1783258816.1788568,100.0,10.0,11.298441939753317,100.99019513592785,0.5,track
1783258816.278206,100.0,10.0,11.350217210652874,100.99019513592785,0.5,track
1783258816.378788,100.0,10.0,11.402869140360067,100.99019513592785,0.5,track
1783258816.4787927,100.0,10.0,11.456623980014092,100.99019513592785,0.5,track
1783258816.578694,100.0,10.0,11.510423295432465,100.99019513592785,0.5,track
1783258816.6787455,100.0,10.0,11.565965983892369,100.99019513592785,0.5,track
1783258816.7787473,100.0,10.0,11.621637341553365,100.99019513592785,0.5,track
1783258816.8787713,100.0,10.0,11.67871224670563,100.99019513592785,0.5,track
1783258816.9783604,100.0,10.0,11.735698250345315,100.99019513592785,0.5,track
1783258817.078686,100.0,10.0,11.794538735842586,100.99019513592785,0.5,track
1783258817.178722,100.0,10.0,11.853548756529312,100.99019513592785,0.5,track
1783258817.2788105,100.0,10.0,11.913359762247179,100.99019513592785,0.5,track
1783258817.3787367,100.0,10.0,11.973881113519504,100.99019513592785,0.5,track
1783258817.4784596,100.0,10.0,12.03510000886643,100.99019513592785,0.5,track
1783258817.5788355,100.0,10.0,12.09715281905696,100.99019513592785,0.5,track
1783258817.6787012,100.0,10.0,12.159792330260919,100.99019513592785,0.5,track
1783258817.778745,100.0,10.0,12.223043371496866,100.99019513592785,0.5,track
1783258817.878746,100.0,10.0,12.287049548048008,100.99019513592785,0.5,track
1783258817.9786685,100.0,10.0,12.351700725510398,100.99019513592785,0.5,track
1783258818.0788088,100.0,10.0,12.417075748371758,100.99019513592785,0.5,track
1783258818.1786773,100.0,10.0,12.483151933084063,100.99019513592785,0.5,track
1783258818.2793438,100.0,10.0,12.549685109175018,100.99019513592785,0.5,track
1783258818.3787148,100.0,10.0,12.6169337670504,100.99019513592785,0.5,track
1783258818.478756,100.0,10.0,12.684820619700139,100.99019513592785,0.5,track
1783258818.5787618,100.0,10.0,12.753319566533346,100.99019513592785,0.5,track
1783258818.6787512,100.0,10.0,12.822367653701068,100.99019513592785,0.5,track
1783258818.7788768,100.0,10.0,12.892012965452857,100.99019513592785,0.5,track
1783258818.8786864,100.0,10.0,12.962203978418366,100.99019513592785,0.5,track
1783258818.9787743,100.0,10.0,13.032931133775318,100.99019513592785,0.5,track
1783258819.0788593,100.0,10.0,13.104267179625634,100.99019513592785,0.5,track
1783258819.1787164,100.0,10.0,13.176328489298236,100.99019513592785,0.5,track
1783258819.279128,100.0,10.0,13.248643398448511,100.99019513592785,0.5,track
1783258819.3787844,100.0,10.0,13.321604624200216,100.99019513592785,0.5,track
1783258819.478253,100.0,10.0,13.395055645821863,100.99019513592785,0.5,track
1783258819.578821,100.0,10.0,13.469197401581468,100.99019513592785,0.5,track
1783258819.6788065,100.0,10.0,13.54370348523597,100.99019513592785,0.5,track
1783258819.7787979,100.0,10.0,13.618669293806711,100.99019513592785,0.5,track
1783258819.8787017,100.0,10.0,13.694122942011969,100.99019513592785,0.5,track
1783258819.9787982,100.0,10.0,13.77010053458126,100.99019513592785,0.5,track
1783258820.0788074,100.0,10.0,13.846567348002056,100.99019513592785,0.5,track
1783258820.1787052,100.0,10.0,13.923503582475227,100.99019513592785,0.5,track
1783258820.2787747,100.0,10.0,14.000870745007454,100.99019513592785,0.5,track
1783258820.3787029,100.0,10.0,14.078787206269647,100.99019513592785,0.5,track
1783258820.4784715,100.0,10.0,14.156949199501435,100.99019513592785,0.5,track
1783258820.5787501,100.0,10.0,14.235013214751998,100.99019513592785,0.5,track
1783258820.6787338,100.0,10.0,14.314847037187496,100.99019513592785,0.5,track
1783258820.7787652,100.0,10.0,14.394393772747634,100.99019513592785,0.5,track
1783258820.878154,100.0,10.0,14.474322663812897,100.99019513592785,0.5,track
1783258820.9787347,100.0,10.0,14.554478655257792,100.99019513592785,0.5,track
1783258821.0788085,100.0,10.0,14.635430081520138,100.99019513592785,0.5,track
1783258821.1788535,100.0,10.0,14.716646300223722,100.99019513592785,0.5,track
