route_progress_m,cross_track_m,estimated_x_m,estimated_y_m
14.744811073030927,0.0012852012199462946,14.744811073030927,0.0
14.85577237102148,0.0013004104435810145,14.85577237102148,0.0
14.966770609614574,0.0013156253619441758,14.966770609614574,0.0
15.077715381068794,0.0013308332023435202,15.077715381068794,0.0
15.188891518105876,0.0013460736420487865,15.188891518105876,0.0
15.299664383818715,0.0013612579928694909,15.299664383818715,0.0
15.410520777442219,0.001376454979798929,15.410520777442219,0.0
15.521823637467486,0.0013917141188295047,15.521823637467486,0.0
15.632492889368812,0.0014068845844097996,15.632492889368812,0.0
15.7433920837417,0.0014220868372592586,15.7433920837417,0.0
15.854357537931696,0.0014372979752711307,15.854357537931696,0.0
15.96528013623177,0.0014525028238796408,15.96528013623177,0.0
16.076913853263914,0.0014678064213001928,16.076913853263914,0.0
16.187326887481397,0.0014829396254906774,16.187326887481397,0.0
16.29809736733403,0.001498122482839481,16.29809736733403,0.0
16.40914050422234,0.0015133431334648638,16.40914050422234,0.0
16.520172001154382,0.0015285619792737427,16.520172001154382,0.0
16.631020593062555,0.0015437551379455692,16.631020593062555,0.0
16.741969799370043,0.001558962163046024,16.741969799370043,0.0
16.85291167185554,0.0015741680845990818,16.85291167185554,0.0
16.963894802093087,0.0015893738112303405,16.963894802093087,0.0
17.075120275336396,0.0016046069198759531,17.075120275336396,0.0
17.185978696441556,0.001619788372766766,17.185978696441556,0.0
17.297042411748762,0.001634997956842158,17.297042411748762,0.0
17.407567588363023,0.0016501322909783654,17.407567588363023,0.0
17.51910389889197,0.0016654068854964508,17.51910389889197,0.0
17.63021969027004,0.0016806230411015748,17.63021969027004,0.0
17.74124065571693,0.0016958259329354988,17.74124065571693,0.0
17.852271961656303,0.0017110297291695886,17.852271961656303,0.0
17.96335509088301,0.0017262402410455637,17.96335509088301,0.0
18.074382396020354,0.0017414426067877949,18.074382396020354,0.0
18.186120882076874,0.001756743389944586,18.186120882076874,0.0
18.296722199528553,0.001771886047782723,18.296722199528553,0.0
18.407684032807975,0.0017870785150552145,18.407684032807975,0.0
18.518804058510476,0.0018022927677575733,18.518804058510476,0.0
18.62961354691391,0.0018174637365831602,18.62961354691391,0.0
18.740991662662896,0.0018327135176258408,18.740991662662896,0.0
18.851953211185098,0.001847905314093085,18.851953211185098,0.0
18.96294627113824,0.0018631014473338224,18.96294627113824,0.0
19.07400530592459,0.0018783066867609402,19.07400530592459,0.0
19.185128408006193,0.0018935207519642024,19.185128408006193,0.0
19.295916845949858,0.0019086883527812697,19.295916845949858,0.0
19.406637468122383,0.001923846541333995,19.406637468122383,0.0
19.518184004035422,0.001939119224968377,19.518184004035422,0.0
19.629117330390716,0.0019543067719453894,19.629117330390716,0.0
19.740154277233906,0.0019695086595882686,19.740154277233906,0.0
19.85187127294717,0.0019848047417768857,19.85187127294717,0.0
19.96177648097099,0.0019998495732947577,19.96177648097099,0.0
20.07326738077781,0.002015114866482903,20.07326738077781,0.0
20.18432725113381,0.00203032045063498,20.18432725113381,0.0
20.295435544205027,0.002045532268446831,20.295435544205027,0.0
20.40646394417607,0.0020607326114276256,20.40646394417607,0.0
20.517498439911968,0.0020759335151884395,20.517498439911968,0.0
20.62851428684593,0.002091131598305439,20.62851428684593,0.0
20.739617592310392,0.002106341587873329,20.739617592310392,0.0
20.85079931291122,0.0021215622615254532,20.85079931291122,0.0
20.961640146252,0.002136735579570862,20.961640146252,0.0
21.072705373910196,0.002151939868829951,21.072705373910196,0.0
21.183985840291772,0.0021671737932204933,21.183985840291772,0.0
21.294938733419208,0.0021823622999277196,21.294938733419208,0.0
21.405838671237333,0.0021975434039803246,21.405838671237333,0.0
21.517049997086595,0.002212767568246508,21.517049997086595,0.0
21.627940959022563,0.00222794738609363,21.627940959022563,0.0
21.739067824797374,0.0022431597551765526,21.739067824797374,0.0
21.85005731864314,0.0022583530589161595,21.85005731864314,0.0
21.961063111251818,0.0022735485995127058,21.961063111251818,0.0
22.07209105488163,0.00228874720096241,22.07209105488163,0.0
22.183317003915825,0.0023039731625722616,22.183317003915825,0.0
22.293992040448373,0.002319122902117592,22.293992040448373,0.0
22.405023875702852,0.002334322790819148,22.405023875702852,0.0
22.516221392831444,0.002349545768181843,22.516221392831444,0.0
22.627078860637944,0.0023647210766584493,22.627078860637944,0.0
22.738185235516973,0.002379930395343914,22.738185235516973,0.0
22.849160254692684,0.002395121220797779,22.849160254692684,0.0
22.96018670121464,0.0024103189362017986,22.96018670121464,0.0
23.071227901485408,0.0024255184930689856,23.071227901485408,0.0
23.18231943019116,0.0024407248725613847,23.18231943019116,0.0
23.293463363141395,0.0024559383582639168,23.293463363141395,0.0
23.40452148407273,0.002471139856356353,23.40452148407273,0.0
23.515579735287094,0.002486341264300246,23.515579735287094,0.0
23.6266988578437,0.0025015509948502464,23.6266988578437,0.0
23.73752340382239,0.002516719933166902,23.73752340382239,0.0
23.848630358757898,0.0025319278862995847,23.848630358757898,0.0
23.95968461676491,0.002547128491161484,23.95968461676491,0.0
24.070627340499296,0.0025623136634078973,24.070627340499296,0.0
24.18168266907415,0.0025775143967001284,24.18168266907415,0.0
24.292721400133974,0.00259271282381141,24.292721400133974,0.0
24.403737965199475,0.0026079081814812752,24.403737965199475,0.0
24.514831587613152,0.0026231142028936305,24.514831587613152,0.0
24.62589268511384,0.0026383157149156714,24.62589268511384,0.0
24.7368372273362,0.002653502966073105,24.7368372273362,0.0
24.84798848397121,0.0026687178918478574,24.84798848397121,0.0
24.95903984720413,0.002683918430221208,24.95903984720413,0.0
25.069996011550664,0.002699105401452957,25.069996011550664,0.0
25.181204663664005,0.0027143269829589317,25.181204663664005,0.0
25.29207910275585,0.0027295021851333786,25.29207910275585,0.0
25.403124022184464,0.0027447007803238096,25.403124022184464,0.0
25.51424123822969,0.002759909200560508,25.51424123822969,0.0
25.625446106110356,0.0027751295718303165,25.625446106110356,0.0
25.73631487730002,0.002790303418817073,25.73631487730002,0.0
25.84741958547526,0.002805509763951297,25.84741958547526,0.0
25.958390270227742,0.0028206975273285706,25.958390270227742,0.0
26.069482812922008,0.0028359020451106027,26.069482812922008,0.0
26.180609454376857,0.002851111234419922,26.180609454376857,0.0
26.291918414010944,0.002866345568889766,26.291918414010944,0.0
26.402578091528824,0.0028814902479968613,26.402578091528824,0.0
26.51347715046219,0.002896668017047109,26.51347715046219,0.0
26.62460306936808,0.002911877118765603,26.62460306936808,0.0
26.73578295669718,0.002927093693104251,26.73578295669718,0.0
26.846618260849574,0.00294226271436677,26.846618260849574,0.0
26.957778029750095,0.0029574765752914817,26.957778029750095,0.0
27.068826653630236,0.0029726764639678477,27.068826653630236,0.0
27.179809964339768,0.0029878678214401086,27.179809964339768,0.0
27.290835275974818,0.0030030641077181484,27.290835275974818,0.0
27.401800477043007,0.0030182515274286667,27.401800477043007,0.0
27.5129915956834,0.0030334697260597145,27.5129915956834,0.0
27.623871425998026,0.0030486446857631933,27.623871425998026,0.0
27.734974043646304,0.0030638498565423965,27.734974043646304,0.0
27.846042653354573,0.0030790505364718702,27.846042653354573,0.0
27.957116754141502,0.003094251800410692,27.957116754141502,0.0
28.068048112879907,0.003109433202444673,28.068048112879907,0.0
28.179323794795852,0.003124661974352946,28.179323794795852,0.0
28.29022552399453,0.003139839017422342,28.29022552399453,0.0
28.401272431004703,0.0031550359775912246,28.401272431004703,0.0
28.51229485781458,0.003170229492337115,28.51229485781458,0.0
28.62325170877676,0.0031854139162330567,28.62325170877676,0.0
28.73405733384733,0.0032005774458614723,28.73405733384733,0.0
28.845433661102366,0.003215819684387639,28.845433661102366,0.0
28.957686494843355,0.003231182730443714,28.957686494843355,0.0
29.06745992187662,0.00324620385738298,29.06745992187662,0.0
29.178439060224452,0.0032613913651132315,29.178439060224452,0.0
29.289570258051427,0.0032765998699307124,29.289570258051427,0.0
29.401072442606736,0.0032918595320590356,29.401072442606736,0.0
29.511730975530742,0.0033070028828234696,29.511730975530742,0.0
29.622788706752264,0.0033222043133423777,29.622788706752264,0.0
29.73367480905338,0.0033373808830687865,29.73367480905338,0.0
29.84466493206512,0.003352570595068943,29.84466493206512,0.0
29.955812713787587,0.0033677820171662855,29.955812713787587,0.0
30.066841156737915,0.0033829765632657173,30.066841156737915,0.0
30.177933182827953,0.003398179578575011,30.177933182827953,0.0
30.28898114818287,0.0034133762740594696,30.28898114818287,0.0
30.39986337990416,0.003428549915375571,30.39986337990416,0.0
30.510937202662387,0.0034437497793410915,30.510937202662387,0.0
30.62198152084326,0.003458945393744723,30.62198152084326,0.0
30.733038472651643,0.003474142579032339,30.733038472651643,0.0
30.8438883328349,0.0034893110926745422,30.8438883328349,0.0
30.955038682977076,0.0035045208795189972,30.955038682977076,0.0
31.066011097740414,0.003519706060409441,31.066011097740414,0.0
31.177138453096916,0.0035349124893963827,31.177138453096916,0.0
31.288255134409614,0.003550117410704769,31.288255134409614,0.0
31.399187515919863,0.00356529691969363,31.399187515919863,0.0
31.510275657469812,0.0035804978722495232,31.510275657469812,0.0
31.621261413572118,0.003595684738434157,31.621261413572118,0.0
31.732523218738855,0.003610909611398441,31.732523218738855,0.0
31.843358848826718,0.0036260790897967993,31.843358848826718,0.0
31.95462210047324,0.0036413061745234503,31.95462210047324,0.0
32.06540703957672,0.003656466558064935,32.06540703957672,0.0
32.1766176767324,0.0036716850335920103,32.1766176767324,0.0
32.28745703530309,0.00368685204009827,32.28745703530309,0.0
32.39867035003653,0.0037020702890144096,32.39867035003653,0.0
32.50979272482976,0.003717275802287043,32.50979272482976,0.0
32.62028882480815,0.0037323949208079663,32.62028882480815,0.0
32.7317641476288,0.0037476486903112597,32.7317641476288,0.0
32.84269848658838,0.0037628278092261833,32.84269848658838,0.0
32.95378366491372,0.003778027429471428,32.95378366491372,0.0
33.0647828160201,0.0037932151963483837,33.0647828160201,0.0
33.17581928143108,0.0038084079944528605,33.17581928143108,0.0
33.28691476591025,0.003823608816908869,33.28691476591025,0.0
33.39794551250898,0.0038388006619935557,33.39794551250898,0.0
33.50899392476511,0.0038539948844410416,33.50899392476511,0.0
33.61993681310102,0.0038691745851010743,33.61993681310102,0.0
33.730953014575086,0.0038843643614518133,33.730953014575086,0.0
33.841965442203,0.0038995536456370547,33.841965442203,0.0
33.952991821948714,0.00391474486831773,33.952991821948714,0.0
34.06369430256573,0.003929891570835695,34.06369430256573,0.0
34.17523222878299,0.003945153253434995,34.17523222878299,0.0
34.28626986775983,0.003960349794817989,34.28626986775983,0.0
34.39712796242209,0.0039755202540952845,34.39712796242209,0.0
34.50822171153941,0.003990722246651345,34.50822171153941,0.0
34.619328219803215,0.004005925431308681,34.619328219803215,0.0
34.73043289201541,0.004021127999113035,34.73043289201541,0.0
34.84118329129184,0.0040362815785217245,34.84118329129184,0.0
34.952310487369616,0.004051486797936795,34.952310487369616,0.0
35.063506538467834,0.004066701301243402,35.063506538467834,0.0
35.17435252447879,0.004081867490510117,35.17435252447879,0.0
35.28545337116363,0.004097068572005051,35.28545337116363,0.0
35.39650965304264,0.004112263370780231,35.39650965304264,0.0
35.50750572617755,0.004127449743276637,35.50750572617755,0.0
35.61848877210858,0.004142634207294191,35.61848877210858,0.0
35.7295674024599,0.004157831698455267,35.7295674024599,0.0
35.84063775807837,0.004173027965016426,35.84063775807837,0.0
35.95180130668997,0.004188236969597998,35.95180130668997,0.0
36.062669624270455,0.004203405347970502,36.062669624270455,0.0
36.17409243199087,0.004218649916687398,36.17409243199087,0.0
36.28482018223739,0.004233798938312161,36.28482018223739,0.0
36.39597209404642,0.004249006290773641,36.39597209404642,0.0
36.50675987375593,0.004264163601872063,36.50675987375593,0.0
36.61794516802107,0.004279379394658116,36.61794516802107,0.0
36.72890826534509,0.004294563225154045,36.72890826534509,0.0
36.839672206391306,0.0043097188004910655,36.839672206391306,0.0
36.950989413672644,0.004324949880192519,36.950989413672644,0.0
37.06193649326496,0.004340129723611514,37.06193649326496,0.0
37.172946388115825,0.0043553179735493835,37.172946388115825,0.0
37.28393482032998,0.0043705030893392656,37.28393482032998,0.0
37.395057560576106,0.00438570649852152,37.395057560576106,0.0
37.50613230063033,0.004400903137733088,37.50613230063033,0.0
37.61707269322896,0.004416081166527074,37.61707269322896,0.0
37.72823054709029,0.004431288914301012,37.72823054709029,0.0
37.839143300862624,0.0044464628465489715,37.839143300862624,0.0
37.95020596182299,0.004461657240241596,37.95020596182299,0.0
38.06116631185622,0.004476837461816057,38.06116631185622,0.0
38.172310464510296,0.004492042823916255,38.172310464510296,0.0
38.28328764827416,0.004507225165215154,38.28328764827416,0.0
38.3945082541139,0.00452244088241098,38.3945082541139,0.0
38.50578042523986,0.004537663613432799,38.50578042523986,0.0
38.616359782122785,0.004552791193657248,38.616359782122785,0.0
38.72753463599182,0.004568000545328375,38.72753463599182,0.0
38.83885167171329,0.004583229410236699,38.83885167171329,0.0
38.94992200228744,0.004598424409837533,38.94992200228744,0.0
39.060547676962926,0.00461356220201684,39.060547676962926,0.0
39.171514418073734,0.004628745436472677,39.171514418073734,0.0
39.28253553798608,0.00464393528672032,39.28253553798608,0.0
39.393655513198055,0.004659138205155608,39.393655513198055,0.0
39.50471563287997,0.00467433258845036,39.50471563287997,0.0
39.61570265207136,0.004689516732017563,39.61570265207136,0.0
39.72681868847693,0.004704718443667439,39.72681868847693,0.0
39.837737720179064,0.004719892845709909,39.837737720179064,0.0
39.94898196943667,0.004735111913456006,39.94898196943667,0.0
40.05985002826623,0.00475027918551753,40.05985002826623,0.0
40.170825342653885,0.00476546104343663,40.170825342653885,0.0
40.28185942947284,0.004780650829044951,40.28185942947284,0.0
40.392970283073545,0.004795851006608745,40.392970283073545,0.0
40.503957376956485,0.004811034064870346,40.503957376956485,0.0
40.615037669302545,0.004826229800810892,40.615037669302545,0.0
40.7261303573831,0.004841427134849494,40.7261303573831,0.0
40.83704445763072,0.004856599881227359,40.83704445763072,0.0
40.94803293930705,0.004871782768455252,40.94803293930705,0.0
41.05908097239936,0.004886973779681303,41.05908097239936,0.0
41.170148026373894,0.0049021673673969365,41.170148026373894,0.0
41.28120760645883,0.004917359906401139,41.28120760645883,0.0
41.39221832458257,0.004932547727576758,41.39221832458257,0.0
41.50328150995316,0.004947743606529229,41.50328150995316,0.0
41.61390456376515,0.004962878106594362,41.61390456376515,0.0
41.72534403489015,0.004978124036920549,41.72534403489015,0.0
41.836293250907005,0.004993302375674699,41.836293250907005,0.0
41.94740249512642,0.005008502490360304,41.94740249512642,0.0
42.05837188377116,0.005023683273861413,42.05837188377116,0.0
42.16955368993994,0.00503889308465823,42.16955368993994,0.0
42.2803795450377,0.005054053807179643,42.2803795450377,0.0
42.39141121764971,0.0050692428546611715,42.39141121764971,0.0
42.50267700788364,0.00508446388583686,42.50267700788364,0.0
42.61358491691214,0.0050996356793036,42.61358491691214,0.0
42.724548678512235,0.0051148149982526,42.724548678512235,0.0
42.83549597805443,0.005129991924415643,42.83549597805443,0.0
42.94654626817441,0.005145182846154868,42.94654626817441,0.0
43.05764577921528,0.005160380397631492,43.05764577921528,0.0
43.16858022949332,0.005175555206900358,43.16858022949332,0.0
43.27963859165764,0.005190746915346814,43.27963859165764,0.0
43.390702468554245,0.005205939301760272,43.390702468554245,0.0
43.50173742577702,0.0052211276590444534,43.50173742577702,0.0
43.61293891807982,0.005236338788917017,43.61293891807982,0.0
43.7238089708918,0.005251506206312047,43.7238089708918,0.0
43.83488272824222,0.005266702292245126,43.83488272824222,0.0
43.94587129650383,0.005281885850098372,43.94587129650383,0.0
44.0569597828096,0.005297082647571164,44.0569597828096,0.0
44.16791959667411,0.005312261564804939,44.16791959667411,0.0
44.27896048786898,0.0053274514734357615,44.27896048786898,0.0
44.39015500447502,0.005342662364923721,44.39015500447502,0.0
44.504212774099365,0.00535826576270807,44.504212774099365,0.0
44.61208230678883,0.005373020562913103,44.61208230678883,0.0
44.723118992863434,0.005388209604194548,44.723118992863434,0.0
44.83420465465206,0.00540340525287427,44.83420465465206,0.0
44.945086099045525,0.0054185727897967636,44.945086099045525,0.0
45.056089083576815,0.0054337568660152175,45.056089083576815,0.0
45.16710633610623,0.005448942768317777,45.16710633610623,0.0
45.27836800177656,0.005464162038543031,45.27836800177656,0.0
45.38930069205065,0.0054793360972669744,45.38930069205065,0.0
45.500359409065524,0.005494527312933625,45.500359409065524,0.0
45.61130049957787,0.005509702308082447,45.61130049957787,0.0
45.72229159641868,0.005524884060514315,45.72229159641868,0.0
45.83345904372079,0.0055400898976912145,45.83345904372079,0.0
45.94438438915528,0.005555262499187816,45.94438438915528,0.0
46.05536266119426,0.005570442296278104,46.05536266119426,0.0
46.16636678330366,0.00558562813368201,46.16636678330366,0.0
46.277661275286746,0.005600852843033428,46.277661275286746,0.0
46.38856759225112,0.005616023898222066,46.38856759225112,0.0
46.49946232917914,0.005631193155548131,46.49946232917914,0.0
46.61056102472845,0.005646390271737475,46.61056102472845,0.0
46.721661068946666,0.005661587541586063,46.721661068946666,0.0
46.83257468783096,0.005676759246205165,46.83257468783096,0.0
46.94364191795183,0.005691951979467683,46.94364191795183,0.0
47.05473774310801,0.005707148585747027,47.05473774310801,0.0
47.16586056924319,0.0057223488267488225,47.16586056924319,0.0
47.27688671762624,0.0057375357365402006,47.27688671762624,0.0
47.3877698450405,0.00575270295507715,47.3877698450405,0.0
47.49886004840164,0.0057678984401664775,47.49886004840164,0.0
47.60982337596275,0.005783076429033493,47.60982337596275,0.0
47.72088307124884,0.0057982675038690595,47.72088307124884,0.0
47.83175020813486,0.005813432088520443,47.83175020813486,0.0
47.942921596557696,0.00582863823977567,47.942921596557696,0.0
48.053895391389766,0.00584381722510461,48.053895391389766,0.0
48.16489140719945,0.005858999165734247,48.16489140719945,0.0
48.27595703360025,0.005874190555911684,48.27595703360025,0.0
48.38701970637005,0.005889381467102215,48.38701970637005,0.0
48.49805207352188,0.005904570052394962,48.49805207352188,0.0
48.608995352373654,0.0059197457776583645,48.608995352373654,0.0
48.72004967262568,0.005934936401263595,48.72004967262568,0.0
48.83106830066367,0.00595012202596824,48.83106830066367,0.0
48.94226651057003,0.005965332232333317,48.94226651057003,0.0
49.05329393723794,0.005980519061966558,49.05329393723794,0.0
49.16416620246298,0.005995684658386727,49.16416620246298,0.0
49.27525059151725,0.006010879319039798,49.27525059151725,0.0
49.38623276755795,0.006026059963193436,49.38623276755795,0.0
49.497467564063264,0.006041275168700069,49.497467564063264,0.0
49.608383255150144,0.006056446601501909,49.608383255150144,0.0
49.71948403731507,0.0060716433077403174,49.71948403731507,0.0
49.830323437859455,0.006086804121994749,49.830323437859455,0.0
49.941538848544745,0.006102016331081224,49.941538848544745,0.0
50.05020111281365,0.01627854913285014,50.04922624112324,0.009845248224648932
50.15904526959238,0.038062864040381256,50.155956717922344,0.03119134358446921
50.26796859455594,0.05986302375079153,50.26276482551361,0.0525529651027212
50.37701651672882,0.08168812053835463,50.369695110720585,0.07393902214411711
50.48565416393807,0.10343110382079736,50.476223088226504,0.09524461764530129
50.59454832237429,0.12522542578693172,50.58300259568468,0.11660051913693623
50.703594864961566,0.1470502461994051,50.68993152809667,0.13798630561933445
50.812301214130706,0.16880698069056216,50.796526873416845,0.15930537468336853
50.921125293160756,0.19058727745647985,50.90323766236357,0.18064753247271412
51.03001124678606,0.21237995778027732,51.01000912434272,0.20200182486854396
51.13902447557815,0.23419811123491607,51.11690538989092,0.22338107797818318
51.247774204717075,0.2559635272810046,51.22354327277117,0.24470865455423335
51.35668806052141,0.27776179209452023,51.330342095087886,0.26606841901757666
51.465543250773244,0.2995483154916243,51.437083391097495,0.287416678219499
51.57406662408636,0.3212684282719619,51.54349931382913,0.3086998627658265
51.68340373763411,0.34315140500258773,51.650713174509875,0.33014263490197565
51.79210912075676,0.36490794564540574,51.757307572543525,0.35146151450870533
51.90111517229377,0.3867246627489799,51.86419680021409,0.37283936004281715
52.01003319289922,0.40852376106215976,51.9709997064543,0.3941999412908598
52.11867131073216,0.43026683888434664,52.07752814544471,0.41550562908894145
52.227780156657445,0.45210412927345384,52.18451817130598,0.4369036342611965
52.33652548369406,0.4738686640260038,52.29115173756978,0.45823034751395575
52.44530714701122,0.4956404711177235,52.397820934488095,0.4795641868976195
52.55423004059016,0.5174405442813257,52.50462861907195,0.5009257238143903
52.663025431143176,0.5392150986008221,52.61131127665248,0.5222622553304961
52.771882852890556,0.5610020679117633,52.7180547608235,0.5436109521646992
52.88100845964638,0.5828427123333451,52.82506122203131,0.5650122444062617
52.98985648386852,0.6046278006674541,52.93179549117067,0.5863590982341342
53.10172404610059,0.6270172268622137,53.04149066093209,0.6082981321864185
53.207350488547256,0.6481575407485936,53.145065909237275,0.6290131818474545
53.316263555441125,0.6699556471869933,53.25186395796363,0.6503727915927258
53.425300265464166,0.6917784998014936,53.35878324875314,0.6717566497506284
53.53419343409478,0.7135726237262506,53.465561785627074,0.6931123571254152
53.642850101850854,0.7353194138518229,53.57210841431365,0.7144216828627299
53.75205643774435,0.7571762159260047,53.679194036953824,0.7358388073907642
53.860558126748536,0.7788919883065519,53.78558869647115,0.7571177392942305
53.969477061917026,0.8006912693497278,53.8923924995142,0.7784784999028409
54.07834874611086,0.822481093454707,53.999149969164606,0.7998299938329213
54.187318052971435,0.8442904559599006,54.106003165715514,0.821200633143103
54.29612041537233,0.8660664057509798,54.21269265975536,0.8425385319510716
54.40492820200145,0.8878434410859628,54.31938747268857,0.8638774945377142
54.51388814905622,0.9096509301205851,54.426231491194784,0.8852462982389566
54.622698276040595,0.9314284337414206,54.53292859903514,0.9065857198070282
54.73147205398961,0.9531986623257414,54.63959006371384,0.9279180127427682
54.84054076355578,0.9750279191767529,54.746540732636966,0.9493081465273934
54.949311658570295,0.9967975706726367,54.85319937036581,0.970639874073161
55.05811415654132,1.0185735472018878,54.9598889973431,0.9919777994686195
55.16702835211233,1.0403718791816499,55.066688152828455,1.013337630565691
55.27594278539072,1.0621702587341948,55.173487541405066,1.0346975082810133
55.38479151262549,1.083955487735042,55.28022249990504,1.0560444999810072
55.49482186725634,1.1059772116861926,55.38811613939547,1.0776232278790938
55.602481079509054,1.1275243689027754,55.49368468249058,1.0987369364981165
55.71219922804853,1.1494836061698106,55.601272178720976,1.120254435744196
55.82006859021698,1.1710728226956881,55.70704679076247,1.1414093581524933
55.929893761689456,1.1930534794606094,55.81473923161282,1.1629478463225635
56.040055147832646,1.2151014269472402,55.92276135807216,1.184552271614432
56.147729077264366,1.2366515288137172,56.028344332548606,1.2056688665097217
56.2567437214287,1.2584699644637738,56.13524198598347,1.2270483971966946
56.36454592589692,1.2800457394423026,56.24095074448189,1.248190148896379
56.47421954284829,1.3019960633367629,56.34849457389754,1.2696989147795072
56.58313945308281,1.3237955384545252,56.455299333071494,1.2910598666142992
56.691979378325975,1.3455790050844636,56.56202566050859,1.3124051321017174
56.801059194450836,1.3674104839808146,56.66898722030855,1.3337974440617097
56.90975632026776,1.3891653702779334,56.77557352138777,1.3551147042775538
57.0186276441233,1.4109551209654345,56.8823306376974,1.3764661275394796
57.1275116955145,1.4327474189979141,56.98910023438254,1.397820046876508
57.23541955985408,1.4543443406674588,57.09491260090902,1.4189825201818036
57.34518814131064,1.476313670811807,57.20254955068332,1.440509910136665
57.454186658178955,1.498128878493856,57.30943139000336,1.4618862780006716
57.562957732152746,1.5198985653546175,57.41609020321621,1.4832180406432414
57.67185088159269,1.5416926868847587,57.52286872127214,1.5045737442544276
57.77960563266317,1.5632589672079147,57.62853094788574,1.5257061895771482
57.88925964512262,1.5852053688050902,57.73605555351545,1.5472111107030901
57.99843028280219,1.6070550255199898,57.843106171176885,1.5686212342353776
58.10729122138811,1.628842697525501,57.94985310389182,1.589970620778363
58.21637339367514,1.6506746471695046,58.056816974098865,1.6113633948197736
58.32413281894715,1.6722418585728132,58.16248378414416,1.632496756828832
58.43276664020421,1.6939840732025269,58.2690080099953,1.653801601999059
58.54279383110486,1.7160051596716601,58.37689854719303,1.6753797094386058
58.6516433748967,1.7377905486792855,58.48363430639308,1.6967268612786155
58.76076888985733,1.7596311708525418,58.5906406775883,1.7181281355176594
58.868429904471846,1.781178684260694,58.69621098804457,1.7392421976089132
58.97721845303175,1.802951864716889,58.80288693649888,1.7605773872997752
59.087224338435696,1.824968685629361,58.91075658193825,1.78215131638765
59.195122125352654,1.8465635868370949,59.016559066738836,1.8033118133477677
59.304831257007436,1.8685210148142501,59.124137721186344,1.8248275442372694
59.41275682108267,1.8901214756564677,59.22996744373155,1.8459934887463114
59.52158273576919,1.9119021350246728,59.33668003268755,1.8673360065375104
59.631408928445,1.9338829927220913,59.44437347491016,1.8888746949820312
59.740341765234334,1.9556850525576253,59.55119090961398,1.9102381819227952
59.84918216536458,1.9774686124290426,59.65791770271616,1.9315835405432327
59.95722944253708,1.9990934353697944,59.76386677477253,1.9527733549545059
60.066950808487576,2.0210533260191204,59.871457425934004,1.9742914851868005
60.17573478596127,2.042825600310413,59.978128892069506,1.9956257784139007
60.28464190028922,2.064622515556071,60.084921103824755,2.0169842207649515
60.39349195435216,2.0864080077035245,60.19165736338678,2.0383314726773554
60.50235034943111,2.108195167000704,60.29840180198793,2.0596803603975857
60.610152422118276,2.1297709098298836,60.404110431264385,2.0808220862528777
60.72008927441396,2.1517739104747533,60.51191238417183,2.1023824768343653
60.828924062177315,2.1735563402458804,60.618633673895495,2.123726734779099
60.93782270740016,2.1953515493876927,60.725417581009935,2.1450835162019875
61.046786510929685,2.2171597983793903,60.83226538110077,2.1664530762201544
61.15468747030849,2.2387553268595104,60.93807097675614,2.187614195351228
61.264499153861536,2.2607332704846024,61.04575019161335,2.2091500383226697
61.3723302660571,2.2823148184905437,61.15148729647057,2.230297459294114
61.48232132000251,2.3043286607052993,61.25934239846833,2.251868479693665
61.59104780289073,2.3260894094083957,61.365957486524344,2.2731914973048686
61.70011177483254,2.3479177038436476,61.47290350982459,2.294580701964917
61.809613674877944,2.369833646312023,61.58027895696055,2.3160557913921096
61.91707766146881,2.3913417180131393,61.68565606554425,2.3371312131088504
62.02554866173118,2.4130513357233605,61.7920206322744,2.3584041264548805
62.13533998723338,2.4350252062731,61.89967988442035,2.3799359768840698
62.24422864267559,2.456818415969196,62.00645399574894,2.401290799149789
62.353157937722564,2.4786197869283786,62.113267957488645,2.4226535914977294
62.46200711543987,2.5004051106993894,62.22000335772308,2.4440006715446163
62.571037866799834,2.522226765450646,62.326916805562725,2.4653833611125444
62.68017095058402,2.544068894424909,62.43393059860006,2.4867861197200116
62.78866104235182,2.5657823288079284,62.540313886091496,2.508062777218299
62.89742580762999,2.5875507323860467,62.64696651311933,2.529393302623866
63.00634270018932,2.609349579082946,62.75376831321931,2.5507536626438627
63.11521621452246,2.6311397409161725,62.86052757746895,2.57210551549379
63.22405284934132,2.652922518650636,62.96725067837954,2.5934501356759094
63.333070664883365,2.674741555159662,63.07415144160612,2.6148302883212233
63.44257156801654,2.696657274264295,63.18152591118921,2.636305182237842
63.55076926591223,2.7183121679249798,63.28762248289996,2.657524496579993
63.65862350969277,2.7398983210149774,63.393382270142425,2.678676454028484
63.76750938306365,2.761690942192263,63.500153653425635,2.7000307306851266
63.87726099021116,2.783656829088599,63.60777395852051,2.721554791704102
63.9851032488241,2.8052405801200293,63.71352199333922,2.742704398667844
64.09497137180063,2.8272297844414975,63.821256551604435,2.764251310320888
64.20388777497237,2.849028513398708,63.928057871820414,2.7856115743640824
64.3127903820163,2.8708244820840854,64.03484566382005,2.806969132764009
64.42165093514141,2.8926120337854218,64.14159221855957,2.828318443711913
64.53049952684549,2.9143971921462066,64.24832704416075,2.8496654088321485
64.6394572930398,2.9362042353522324,64.35516892415734,2.871033784831467
64.74740441573898,2.9578090205509686,64.4610197866726,2.8922039573345186
64.85736346201979,2.979816442491948,64.56884350257296,2.9137687005145914
64.96515522774347,3.001390095001803,64.6745420250402,2.9349084050080396
65.07488695067863,3.0233519933140993,64.78214283206069,2.956428566412137
65.18367845067084,3.045125709104146,64.88882167463248,2.9777643349264964
65.29253171687546,3.0669117801115116,64.99556108395856,2.999112216791713
65.40148178821086,3.0887172189277705,65.1023954185252,3.020479083705042
65.51025453417832,3.1104871624936914,65.20905587126272,3.041811174252545
65.61813142511657,3.1320778084339986,65.3148378658704,3.06296757317408
65.72693863293152,3.1538546371563965,65.42153211122962,3.084306422245924
65.83603055712393,3.1756884418525457,65.52850554396665,3.105701108793328
65.9457352988263,3.1976448867121814,65.63607989371165,3.1272159787423304
66.05375973168731,3.219265041755369,65.74200656507763,3.1484013130155253
66.1639269486544,3.241314031770298,65.85003440913022,3.170006881826043
66.27210029088279,3.2629639813324585,65.95610709814426,3.1912214196288518
66.38116784455451,3.2847928857801394,66.06305663361964,3.212611326723927
66.49021588176487,3.3066178828540242,66.16998703163013,3.233997406326026
66.59892591255986,3.328375232540068,66.27658598708148,3.2553171974162955
66.70675024220101,3.349955325453025,66.3823164410969,3.276463288219382
66.81665918754008,3.371952607939144,66.49009102898198,3.298018205796396
66.9257592565404,3.393788012466777,66.59707244836025,3.3194144896720483
67.03439636552727,3.41553090942565,66.70359989809569,3.340719979619136
67.14327852649146,3.4373227728133506,66.81036764106463,3.3620735282129273
67.25213785909807,3.459110021707626,66.91711299898729,3.383422599797459
67.36106156576068,3.480910126700928,67.02392148086527,3.4047842961730543
67.46991128185545,3.5026954065109,67.13065740902223,3.4261314818044477
67.57869218081758,3.5244669045835675,67.2373258564288,3.44746517128576
67.68765316866556,3.5462744341311345,67.34417089551673,3.4688341791033444
67.79558389971373,3.5678757738605453,67.45000568469575,3.490001136939151
67.90531615993532,3.589837635537258,67.55760701856893,3.5115214037137865
68.01415804599067,3.6116213025921615,67.66433526874056,3.5328670537481104
68.12320099970367,3.6334451978379754,67.77126068197178,3.554252136394356
68.2319181229768,3.655203877001145,67.87786659217011,3.5755733184340226
68.34081166400043,3.6769978502828957,67.98464549420544,3.596929098841088
68.44973446471948,3.6987976731118155,68.09145308773269,3.6182906175465384
68.55854715905022,3.720575455225926,68.19815271306327,3.639630542612654
68.66742652118057,3.7423665751001622,68.30491771154985,3.660983542309971
68.77620956912642,3.76413841541981,68.41158826620831,3.6823176532416624
68.8852368543137,3.785959135388263,68.51849831518601,3.7036996630372006
68.99394333590745,3.807715655510175,68.62509379035916,3.7250187580718337
69.10289524941246,3.8295215117024,68.73192993132173,3.746385986264347
69.21174714790351,3.851307386633493,68.83866799949432,3.7677335998988646
69.32029770026018,3.873032804939597,68.94511057347086,3.789022114694172
69.42942242924258,3.8948730518352113,69.052116173951,3.8104232347902016
69.53722847327258,3.916449380546987,69.1578286974495,3.8315657394899016
69.6463121444097,3.938281374268641,69.2647940374,3.8529588074799985
69.75605237572411,3.960244767098704,69.37240318757276,3.8744806375145506
69.86387027936556,3.9818234715367398,69.47812734037706,3.8956254680754125
69.97396910089091,4.003858641873347,69.58608811718116,3.917217623436233
70.08299336747592,4.025678781131682,69.69299520617581,3.938599041235161
70.19158395171094,4.047412139153886,69.79947703463866,3.959895406927731
70.30036280482845,4.069183184729632,69.9061434759295,3.9812286951859006
70.40924120638277,4.090974163731775,70.01290753249378,4.002581506498759
70.51812002862417,4.112765240510196,70.1196720015757,4.023934400315138
70.62710077846641,4.1345767304240395,70.2265364188933,4.04530728377866
70.73481651257002,4.156135067232362,70.33216038622315,4.066432077244631
70.84477025290106,4.178141307278169,70.43997889921171,4.087995779842342
70.9535591301192,4.199914436309743,70.54665516994194,4.109331033988388
71.06247220531557,4.221712430602981,70.65345322680957,4.1306906453619145
71.1714489694049,4.243523178810575,70.76031373577489,4.152062747154978
71.28027888586436,4.265304543042626,70.86703024879209,4.173406049758419
71.38908350545839,4.2870811387137335,70.9737219561919,4.1947443912383795
71.49699922469354,4.30867993372127,71.07954202507717,4.215908405015435
71.60676632669268,4.33064906420534,71.18717752412412,4.237435504824824
71.71565541287364,4.352442397164654,71.29395205782683,4.258790411565366
71.82450418489569,4.374227627917669,71.40068706024432,4.280137412048864
71.9334496763382,4.396032208947288,71.5075169038565,4.301503380771299
72.04240225259619,4.417838216694823,71.61435369470183,4.322870738940366
72.15116943583752,4.4396071365516105,71.72100869273761,4.344201738547523
72.2599633480086,4.4613814214037415,71.8276899006454,4.365537980129078
72.36880376006678,4.483165027384931,71.93441670544388,4.386883341088775
72.47771951170867,4.504963724311494,72.04121738678228,4.4082434773564545
72.5865509916344,4.526745566620968,72.14793543290428,4.429587086580855
72.69539060918348,4.548529044037349,72.25466145862251,4.4509322917245004
72.80430948525546,4.570328389457106,72.36146520371665,4.47229304074333
72.91339534981424,4.592161160693056,72.46843269449404,4.493686538898808
73.02115856119212,4.613729210987214,72.57410321712159,4.5148206434243185
73.13084494764655,4.635682174701231,72.68165956806516,4.536331913613032
73.23980903118684,4.657490573686995,72.78850764272914,4.557701528545827
73.34882559394518,4.679309473879166,72.89540717750022,4.5790814355000435
73.4566466428266,4.700889091120728,73.00113441446607,4.600226882893212
73.56638823498268,4.7228531042511195,73.10874489905387,4.621748979810775
73.67521150763284,4.744633314022198,73.21545489728005,4.64309097945601
73.78321258511713,4.7662488241753165,73.32135866681496,4.664271733362991
73.8929738944909,4.788216801530989,73.4289884857254,4.685797697145079
74.00221207365438,4.810080150907706,73.53610533326076,4.707221066652154
74.11071820740621,4.831797044289097,73.64250435121176,4.7285008702423506
74.21850271967983,4.853369536367033,73.74819576108604,4.749639152217206
74.32838302256555,4.87536154938318,73.85594226273484,4.771188452546967
74.43618566150306,4.896937715569008,73.96165144726544,4.792330289453089
74.54635082704664,4.918986792525747,74.06967727973176,4.813935455946352
74.65511659489577,4.940755779443256,74.1763308898613,4.8352661779722625
74.76427922697079,4.962604229970496,74.28337365738163,4.856674731476326
74.87273520414027,4.984311229113898,74.38972349275721,4.877944698551442
74.98179464492597,5.006139058786121,74.49666507289332,4.899333014578665
75.08954656711526,5.027705170063187,74.60232452556069,4.920464905112137
75.19930999429167,5.049673958484017,74.70995642114748,4.941991284229496
75.30820582847792,5.071469081356698,74.81673757181377,4.963347514362755
75.41746066241967,5.093336081522323,74.92387075070287,4.984774150140574
75.52591406926648,5.115042652455656,75.03021806566969,5.0060436131339365
75.63481419141812,5.13683865837225,75.13700342103196,5.027400684206392
75.7437483459184,5.158641488049495,75.24382214785768,5.048764429571536
75.85167082609551,5.180241780421941,75.34964884639199,5.069929769278398
75.96144181313993,5.202212144135429,75.45728815503927,5.091457631007852
76.07053618455005,5.224047053773359,75.56426398747067,5.112852797494135
76.17910992774902,5.2457777258511165,75.67072930193902,5.134145860387802
76.2879717285202,5.267565374792344,75.77747708009616,5.155495416019232
76.39688042890594,5.289362885872871,75.88427084710901,5.176854169421803
76.50571092025065,5.3111450082985625,75.99098792384758,5.198197584769516
76.61370897204209,5.332760607579637,76.09688872644654,5.219377745289307
76.7234191592507,5.354719069939629,76.20446841594972,5.240893683189945
76.83151859781954,5.376355069428941,76.31046863646337,5.262093727292674
76.94145544476387,5.398358956621213,76.41827058412339,5.283654116824677
77.04992049893966,5.420068181782962,76.52462932023592,5.304925864047183
77.1588804873099,5.441876513782539,76.63147337925528,5.326294675851058
77.26775382167668,5.463667511255033,76.73823246703338,5.347646493406676
77.37663264140105,5.485459626025383,76.84499693364714,5.368999386729428
77.48451255133915,5.507051759440845,76.95078188862772,5.390156377725543
77.59336445111617,5.528838531743356,77.05751995806132,5.411503991612263
77.70328672244219,5.550839644177783,77.16530761315165,5.433061522630331
77.8120683844972,5.57261238608315,77.27197680883233,5.454395361766467
77.92105226814718,5.594425637524166,77.37884429910125,5.47576885982025
78.02987060785921,5.616205757221409,77.48554946018365,5.49710989203673
78.13865758331201,5.637979608378187,77.59222386607952,5.518444773215903
78.24755178035568,5.65977495380019,77.69900341139542,5.539800682279086
78.35643044074554,5.681567197265481,77.80576772176885,5.561153544353768
78.46526527802959,5.703350656899412,77.91248906005154,5.58249781201031
78.57410820657182,5.725134628389646,78.01921833246567,5.603843666493134
78.6831915074414,5.746967487827451,78.12618330933896,5.625236661867791
78.79084833073522,5.768515075276344,78.23174950986714,5.646349901973428
78.90128010564504,5.790618636124593,78.34003677432597,5.6680073548651935
79.00968921570903,5.812317217058861,78.44634065272356,5.689268130544711
79.1186098087901,5.834118271318927,78.55314608148365,5.710629216296731
79.23054799807859,5.856523658763931,78.66291050677178,5.732582101354355
79.33618754236107,5.877667672057087,78.76649860248398,5.753299720496795
79.44533393586266,5.899514029125978,78.87352544677299,5.774705089354599
79.55405445930916,5.921275143929865,78.98013469111561,5.7960269382231235
79.66276568459196,5.9430344247824065,79.08673481785863,5.817346963571726
79.77105053070082,5.964708352836395,79.19291684542314,5.838583369084629
79.88055528825282,5.986626643257248,79.30029509457485,5.860059018914969
79.98934766838846,6.008402287968465,79.40697480019827,5.881394960039654
80.09860782770852,6.030271674039875,79.51411320105045,5.902822640210089
80.20719142716143,6.052005547547198,79.62058818037093,5.924117636074186
80.31704224274624,6.073993262622498,79.72830576734228,5.945661153468455
80.42493041546493,6.095587857023556,79.83409882464582,5.966819764929165
80.53373827372141,6.117366665981722,79.94079370781544,5.98815874156309
80.64222385408301,6.139080903744951,80.04717257150915,6.00943451430183
80.75149027473995,6.1609515446554814,80.15431711210725,6.030863422421451
80.86030487624025,6.182730396210371,80.26101860757146,6.052203721514292
80.96947078992696,6.204579586180365,80.3680645929768,6.073612918595358
81.07713130252405,6.226128213065163,80.47363441116448,6.094726882232897
81.18650081678862,6.248019817610334,80.58088004336203,6.116176008672406
81.29572068592736,6.269881700206477,80.68797893644097,6.137595787288194
81.40467545785631,6.291690591524909,80.7948178803188,6.15896357606376
81.51247384372994,6.313267908081179,80.90052289437716,6.18010457887543
81.62144724890342,6.335080649611875,81.00738010965449,6.201476021930899
81.73119210211567,6.357047919006917,81.11499379197097,6.222998758394195
81.8400843380183,6.378844393596799,81.22177141422986,6.244354282845973
81.94933329919645,6.400712328498887,81.32889883440046,6.265779766880094
82.05671084271265,6.4222054167523845,81.43419117857562,6.286838235715123
82.16667568694257,6.444216748653484,81.54202057983284,6.308404115966566
82.27552917760681,6.466005440025124,81.64876020925969,6.329752041851938
82.38443161190773,6.487803861390809,81.75554783187089,6.351109566374177
82.49333680498816,6.509602750367816,81.86233815968794,6.372467631937587
82.60223619925648,6.531400374490755,81.96912280130189,6.393824560260379
82.71000341124298,6.552971117480857,82.07479724684893,6.414959449369787
82.81985872776002,6.574959949548206,82.18251924734747,6.436503849469492
82.92873942681754,6.5967534355935,82.28928555679897,6.457857111359796
83.03699902137464,6.618422367743128,82.3954428231798,6.479088564635961
83.14564363336743,6.640166189478262,82.50197763021788,6.500395526043578
83.25536124312683,6.662124544711659,82.60956459813094,6.521912919626188
83.36424588906047,6.683917638240184,82.71633477781293,6.5432669555625855
83.47327960964094,6.705741459843316,82.82325113721282,6.564650227442562
83.58193268968918,6.727489511987574,82.92979424786242,6.5859588495724815
83.69067028783604,6.749254690371189,83.03642023532629,6.6072840470652565
83.79867492295044,6.770873150185456,83.14232749340451,6.6284654986808995
83.90857460739437,6.792871099490562,83.25009300023476,6.650018600046951
84.01746210195738,6.814666296780478,83.35686597322763,6.671373194645527
84.12631948607708,6.8364553640142525,83.46360942050167,6.692721884100335
84.23468962577229,6.858146752012055,83.56987508530872,6.713975017061746
84.34402218844991,6.8800306790893195,83.67708448349418,6.735416896698836
84.45293374476391,6.9018301433953315,83.78388105097511,6.75677621019502
84.561768507452,6.923614045313843,83.89060231611043,6.778120463222088
84.67071084053495,6.945419283907169,83.99742906269627,6.799485812539254
84.77953301905302,6.96720026988951,84.10413798803768,6.8208275976075345
84.88830307826247,6.98897062501322,84.21079580619221,6.842159161238444
84.99733776347188,7.0107937473247794,84.31771311148862,6.8635426222977225
85.10614479439846,7.0325711233924135,84.42440718339452,6.884881436678905
85.21494615775876,7.054347194186807,84.53109569779446,6.90621913955889
85.3240687112519,7.07618738508362,84.63809916503187,6.927619833006374
85.43272786284933,7.097932744568022,84.74464822932529,6.94892964586506
85.54155449613808,7.119710862792917,84.85136152292873,6.970272304585746
85.6494551311836,7.14130487923977,84.95716680054915,6.99143336010983
85.75932174330742,7.163293193583547,85.0648998773014,7.012979975460282
85.86715137680471,7.184874284615912,85.17063553217568,7.034127106435135
85.97723976913677,7.206907767062504,85.27858608231438,7.0557172164628765
86.08591618512025,7.228658787475801,85.38515207573114,7.077030415146228
86.19480145394252,7.250451676598937,85.49192286620567,7.098384573241132
86.30388442225691,7.272284142358382,85.59888751698176,7.119777503396351
86.41252592872078,7.294028229570397,85.70541927879816,7.141083855759634
86.52133479935013,7.315805761931583,85.81211515468107,7.162423030936214
86.63041644264008,7.337637815202631,85.9190785061638,7.183815701232761
86.73913197243188,7.359396526710263,86.02568285382515,7.205136570765029
86.84803437105364,7.381192551711962,86.13247044145004,7.226494088290007
86.95688039284956,7.402977212116497,86.23920274704894,7.247840549409787
87.06602312128666,7.424821155179406,86.34622599744654,7.269245199489308
87.17466580189593,7.446564967600492,86.45275891060724,7.290551782121449
87.28351719463726,7.46835046088146,86.55949648285144,7.311899296570289
87.39233246587625,7.490128662052394,86.66619863504847,7.333239727009695
87.50129932524862,7.511937129045846,86.77304943163975,7.35460988632795
87.61017452536271,7.533727199430394,86.8798103489336,7.375962069786719
87.71890536951494,7.555488337110158,86.98642971356085,7.397285942712168
87.82779766369839,7.577280339238607,87.09320739296878,7.418641478593756
87.93586377760619,7.598906387606548,87.19917493596378,7.439834987192756
88.04565612789769,7.620878634911247,87.3068351929983,7.461367038599662
88.1543281161792,7.642627251113533,87.41339684469608,7.482679368939214
88.26334243847197,7.664444738018304,87.5202941825099,7.50405883650198
88.37197592697052,7.686186251847451,87.62681808206446,7.525363616412894
88.48094269478727,7.707994605350478,87.73366878887809,7.546733757775618
88.58865938876735,7.7295528927322,87.83929369744425,7.567858739488851
88.69861763981773,7.75155977948409,87.94711663355702,7.5894233267114055
88.8074750718412,7.773346405531018,88.05386012780458,7.610772025560917
88.91630671067745,7.795127871329437,88.16057832975117,7.632115665950234
89.02524391811042,7.8169304518942555,88.26740005022369,7.653480010044737
89.13407046283183,7.838710873160165,88.37411325697973,7.674822651395945
89.24613373204672,7.86113891748257,88.48400033322659,7.6968000666453165
89.35189440776671,7.882305855015537,88.58770720808562,7.717541441617124
89.46075945486925,7.904093912051344,88.69445816953254,7.738891633906509
89.56955748106886,7.925868536897817,88.80114341157721,7.760228682315441
89.67837597147343,7.947647234386105,88.90784872042579,7.781569744085158
89.78722946509565,7.969432915615311,89.01458835275318,7.802917670550636
89.89609538278411,7.991221063037493,89.12134016787985,7.824268033575969
90.00456436856703,8.012929777354735,89.22770275925036,7.845540551850072
90.11385461175195,8.034801145659145,89.33487065975905,7.866974131951812
90.22283927035306,8.056611940541588,89.44173890993008,7.888347781986017
90.33162457368587,8.07838323367802,89.54841167617742,7.909682335235484
90.44052370174569,8.100177548783243,89.65519605675246,7.931039211350493
90.5495259215229,8.12199263782673,89.7620815270734,7.952416305414682
90.65827399769884,8.143756954446465,89.86871778909011,7.973743557818022
90.76701866175915,8.16552062133093,89.97535070525214,7.99507014105043
90.87591979962991,8.187315599603217,90.08213705660896,8.016427411321791
90.98479258236799,8.209104911379026,90.1888956034706,8.03777912069412
91.09364922180322,8.230890943249184,90.29563832052145,8.05912766410429
91.20163079118566,8.252501881241056,90.40152296078865,8.08030459215773
91.3113947940206,8.274469348598016,90.5091554208551,8.101831084171017
91.42022247314287,8.296249475173646,90.61586973998268,8.123173947996536
91.52911915409514,8.318043379217048,90.72265172097136,8.14453034419427
91.63797608317566,8.339829296603384,90.82939472204276,8.165878944408554
91.74688307466505,8.361625194003542,90.9361868133449,8.187237362668979
91.85575888693322,8.383414823383267,91.04294833090522,8.208589666181043
91.96456303205343,8.405190078360333,91.14963957304516,8.229927914609034
92.07338012973338,8.426967895174238,91.25634351621488,8.251268703242978
92.18227636909707,8.448761528162343,91.36312506419034,8.272625012838068
92.29127044102287,8.47057470647107,91.47000254488566,8.294000508977131
92.39939651297956,8.492214260048444,91.57602888158476,8.315205776316951
92.50889220990236,8.514126953009853,91.68339824605854,8.336679649211709
92.61773630048717,8.535909518944756,91.79012865794915,8.35802573158983
92.72664591233487,8.557705319918233,91.89692331872402,8.379384663744805
92.83545539981458,8.579481173991962,92.00361979947846,8.40072395989569
92.9438620779627,8.601176506276687,92.10992129318636,8.421984258637272
93.05325460212362,8.623069002546645,92.21718948844358,8.443437897688717
93.16206933561911,8.644845937102996,92.32389111333973,8.464778222667945
93.27111507825306,8.666669037039265,92.43081926133294,8.48616385226659
93.37981663084345,8.688423270184655,92.53740990322069,8.507481980644137
93.4886720987013,8.710208231591698,92.6441514714454,8.52883029428908
93.59756415915831,8.732000457721561,92.75092892166569,8.55018578433314
93.70641858029342,8.753785090398177,92.85766946349432,8.571533892698861
93.81548272796519,8.775611599863645,92.96461565911196,8.59292313182239
93.92328305087156,8.797185401461963,93.07032257258717,8.614064514517436
94.03312355896355,8.819167028039413,93.17803005223026,8.63560601044605
94.141902190369,8.8409363074319,93.28469627611454,8.656939255222907
94.2508090487957,8.86273119869087,93.39148823693799,8.678297647387597
94.35958431307526,8.884499742239372,93.49815115908369,8.699630231816737
94.46847509064635,8.906291335687992,93.60492735133084,8.72098547026617
94.57749124395127,8.928107959961025,93.71182648459981,8.742365296919964
94.68644199173545,8.949911480076333,93.81866148247906,8.763732296495812
94.79519166032915,8.9716747068455,93.92529930598982,8.785059861197967
94.90395181024431,8.993439910252997,94.03194740728188,8.806389481456376
95.01300793640306,9.015264224164232,94.13888573715886,8.827777147431773
95.12167761159058,9.037011257258964,94.24544512068135,8.849089024136273
95.22971396188683,9.058631710273753,94.35138347805403,8.870276695610805
95.33945128170674,9.080592128473075,94.45898977327155,8.891797954654312
95.4482575400807,9.10236642674914,94.56568308762729,8.913136617525458
95.5573843712039,9.12420479654332,94.67269074942608,8.934538149885217
95.66539635872678,9.145820322096233,94.77860521713399,8.955721043426799
95.7750371665344,9.16776132750414,94.8861168745373,8.977223374907457
95.88382296204415,9.189531426354469,94.99279012340381,8.998558024680763
95.99261967898376,9.211303664056787,95.09947408161341,9.019894816322681
96.10164795968115,9.23312212583793,95.20638510676906,9.041277021353814
96.21028950098184,9.25486326205,95.31291690274581,9.062583380549164
96.31925060751928,9.27666820954619,95.41976205821832,9.083952411643665
96.42826391904177,9.29848354831233,95.52665840489036,9.10533168097807
96.53700548591063,9.320244546398273,95.6332882840063,9.12665765680126
96.6458358601534,9.342023249197945,95.74000524591698,9.148001049183396
96.7547407640181,9.363816810113033,95.84679529013466,9.169359058026933
96.8635683418193,9.3855948944863,95.95350950990878,9.190701901981758
96.972598679001,9.407413462118981,96.06042255161321,9.212084510322644
97.0813543326764,9.429177370855086,96.16706624397946,9.233413248795891
97.19012326902075,9.450943912578047,96.27372296107417,9.254744592214834
97.29847072358119,9.472626049345937,96.37996638127645,9.27599327625529
97.40786742738152,9.49451772277971,96.48723867500733,9.297447735001466
97.51685813856525,9.516328261984004,96.59411286022393,9.318822572044784
97.62564479656396,9.538098050293067,96.70078695483045,9.340157390966088
97.73469023055569,9.559919551702533,96.80771480017506,9.361542960035012
97.84339351738956,9.581672706735844,96.91430714262845,9.382861428525688
97.9522237208454,9.603451223611156,97.02102393706875,9.40420478741375
98.06121433230877,9.625261787271203,97.12789802450146,9.425579604900294
98.16995963641001,9.647023335408068,97.23453156827529,9.446906313655056
98.2788118942574,9.668806213754186,97.34126998882576,9.468253997765151
98.38769867475165,9.690596001320358,97.44804226161662,9.489608452323324
98.49659247181626,9.712387181783933,97.55482141472078,9.510964282944155
98.60464290758827,9.734009849426531,97.6607735840388,9.53215471680776
98.71428069812464,9.755949608638034,97.76828228276422,9.553656456552844
98.82336507360097,9.777778817127492,97.87524831337609,9.57504966267522
98.93190460743261,9.799499158446576,97.98168008279993,9.596336016559983
99.04012408380453,9.821155581826506,98.08779801006361,9.617559602012722
99.14989070818201,9.843121012635732,98.19543304076399,9.6390866081528
99.20402331041421,9.853953764103181,98.24851442443776,9.649702884887553
99.36760223343433,9.886687977521946,98.40891675530162,9.681783351060322
99.476361028182,9.908451759475259,98.51556352774261,9.703112705548522
99.5852609859086,9.930244166327045,98.62234872187287,9.724469744374575
99.69403820148196,9.952012206308593,98.72901355741956,9.745802711483915
99.80302675320817,9.973822272043629,98.83588562511383,9.767177125022767
99.91103354069625,9.995436161050225,98.9417949937681,9.78835899875362
100.02073792195264,10.017389199955675,99.04936899006677,9.809873798013353
100.12954227022189,10.039162490937965,99.15606043141071,9.831212086282143
100.23843792003464,10.060954080883638,99.26284140128392,9.852568280256783
100.34732570945957,10.082744230203165,99.3696146634127,9.873922932682541
100.45614725946074,10.104521112735213,99.47632297244257,9.895264594488516
100.56504013941027,10.126312294774479,99.58310122624142,9.916620245248284
100.67386782121594,10.148090491243584,99.6898155480003,9.937963109600057
100.78278214851747,10.169886142571729,99.79661483265805,9.95932296653161
100.89182467914385,10.19170734608004,99.90353983101872,9.980707966203745
100.99019513592785,10.213465612828966,100.0,10.0
100.99019513592785,10.236054450102348,100.0,10.0
100.99019513592785,10.2595498812721,100.0,10.0
100.99019513592785,10.284379020083614,100.0,10.0
100.99019513592785,10.309972752384617,100.0,10.0
100.99019513592785,10.337273243356966,100.0,10.0
100.99019513592785,10.365430941964838,100.0,10.0
100.99019513592785,10.39469393308559,100.0,10.0
100.99019513592785,10.425056553557457,100.0,10.0
100.99019513592785,10.45652214622023,100.0,10.0
100.99019513592785,10.489052394919076,100.0,10.0
100.99019513592785,10.522650797866197,100.0,10.0
100.99019513592785,10.557028537195917,100.0,10.0
100.99019513592785,10.593041564841238,100.0,10.0
100.99019513592785,10.629562047778784,100.0,10.0
100.99019513592785,10.667624195432403,100.0,10.0
100.99019513592785,10.706386485272237,100.0,10.0
100.99019513592785,10.746209021633828,100.0,10.0
100.99019513592785,10.787006931654208,100.0,10.0
100.99019513592785,10.828538139611847,100.0,10.0
100.99019513592785,10.87153841007268,100.0,10.0
100.99019513592785,10.915273513574059,100.0,10.0
100.99019513592785,10.959582863455166,100.0,10.0
100.99019513592785,11.005564734324262,100.0,10.0
100.99019513592785,11.052167666254476,100.0,10.0
100.99019513592785,11.099576244507533,100.0,10.0
100.99019513592785,11.147917474778446,100.0,10.0
100.99019513592785,11.197159099432993,100.0,10.0
100.99019513592785,11.247306202330549,100.0,10.0
100.99019513592785,11.298441939753317,100.0,10.0
100.99019513592785,11.350217210652874,100.0,10.0
100.99019513592785,11.402869140360067,100.0,10.0
100.99019513592785,11.456623980014092,100.0,10.0
100.99019513592785,11.510423295432465,100.0,10.0
100.99019513592785,11.565965983892369,100.0,10.0
100.99019513592785,11.621637341553365,100.0,10.0
100.99019513592785,11.67871224670563,100.0,10.0
100.99019513592785,11.735698250345315,100.0,10.0
100.99019513592785,11.794538735842586,100.0,10.0
100.99019513592785,11.853548756529312,100.0,10.0
100.99019513592785,11.913359762247179,100.0,10.0
100.99019513592785,11.973881113519504,100.0,10.0
100.99019513592785,12.03510000886643,100.0,10.0
100.99019513592785,12.09715281905696,100.0,10.0
100.99019513592785,12.159792330260919,100.0,10.0
100.99019513592785,12.223043371496866,100.0,10.0
100.99019513592785,12.287049548048008,100.0,10.0
100.99019513592785,12.351700725510398,100.0,10.0
100.99019513592785,12.417075748371758,100.0,10.0
100.99019513592785,12.483151933084063,100.0,10.0
100.99019513592785,12.549685109175018,100.0,10.0
100.99019513592785,12.6169337670504,100.0,10.0
100.99019513592785,12.684820619700139,100.0,10.0
100.99019513592785,12.753319566533346,100.0,10.0
100.99019513592785,12.822367653701068,100.0,10.0
100.99019513592785,12.892012965452857,100.0,10.0
100.99019513592785,12.962203978418366,100.0,10.0
100.99019513592785,13.032931133775318,100.0,10.0
100.99019513592785,13.104267179625634,100.0,10.0
100.99019513592785,13.176328489298236,100.0,10.0
100.99019513592785,13.248643398448511,100.0,10.0
100.99019513592785,13.321604624200216,100.0,10.0
100.99019513592785,13.395055645821863,100.0,10.0
100.99019513592785,13.469197401581468,100.0,10.0
100.99019513592785,13.54370348523597,100.0,10.0
100.99019513592785,13.618669293806711,100.0,10.0
100.99019513592785,13.694122942011969,100.0,10.0
100.99019513592785,13.77010053458126,100.0,10.0
100.99019513592785,13.846567348002056,100.0,10.0
100.99019513592785,13.923503582475227,100.0,10.0
100.99019513592785,14.000870745007454,100.0,10.0
100.99019513592785,14.078787206269647,100.0,10.0
100.99019513592785,14.156949199501435,100.0,10.0
100.99019513592785,14.235013214751998,100.0,10.0
100.99019513592785,14.314847037187496,100.0,10.0
100.99019513592785,14.394393772747634,100.0,10.0
100.99019513592785,14.474322663812897,100.0,10.0
100.99019513592785,14.554478655257792,100.0,10.0
100.99019513592785,14.635430081520138,100.0,10.0
100.99019513592785,14.716646300223722,100.0,10.0
