scenario,arm,arm_label,current_speed_mps,run_count,rmse_xy_m_mean,rmse_xy_m_std,rmse_z_m_mean,rmse_z_m_std,rmse_3d_m_mean,rmse_3d_m_std,depth_equiv_error_m_mean,depth_equiv_error_m_std,depth_equiv_bias_m_mean,depth_equiv_bias_m_std,target_loss_ratio_mean,target_loss_ratio_std,reacquire_success_ratio_mean,reacquire_success_ratio_std,mag_nis_mean_mean,mag_nis_mean_std,mag_nis_p95_mean,mag_nis_p95_std
baseline,1_imu_dvl,IMU+DVL,0,3,25.7435,11.3516,0.0127438,0.00457068,25.7435,11.3516,nan,0,nan,0,1,0,0,0,nan,0,nan,0
baseline,2_imu_dvl_mag,+磁,0,3,17.1809,7.00376,0.0106997,0.0013423,17.1809,7.00376,0.102867,0.00207687,-0.00468118,0.00607423,0,0,nan,0,0.259365,0.00832834,1.00895,0.0413031
baseline,3_imu_dvl_sonar,+声呐,0,3,25.7435,11.3516,0.0127438,0.00457068,25.7435,11.3516,nan,0,nan,0,0,0,nan,0,nan,0,nan,0
baseline,4_imu_dvl_mag_sonar,+磁+声呐,0,3,18.162,7.45178,0.0100041,0.00133623,18.162,7.45178,0.102867,0.00207687,-0.00468118,0.00607423,0,0,nan,0,0.21117,0.00738826,0.831343,0.0228196
baseline,5_fusion_fixed_r,声磁融合(固定R),0,3,18.162,7.45178,0.0100041,0.00133623,18.162,7.45178,0.102867,0.00207687,-0.00468118,0.00607423,0,0,nan,0,0.21117,0.00738826,0.831343,0.0228196
baseline,6_fusion_adaptive_r,声磁融合(自适应R),0,3,18.162,7.45178,0.0100041,0.00133623,18.162,7.45178,0.102867,0.00207687,-0.00468118,0.00607423,0,0,nan,0,0.21117,0.00738826,0.831343,0.0228196
combined,1_imu_dvl,IMU+DVL,0,3,10.2171,11.9077,0.0109165,0.00116405,10.2171,11.9076,nan,0,nan,0,1,0,0,0,nan,0,nan,0
combined,2_imu_dvl_mag,+磁,0,3,22.0485,10.7495,0.0284809,0.00235279,22.0486,10.7495,0.416661,0.0267982,-0.0146525,0.00600176,0,0,nan,0,4.21966,0.525603,16.7872,2.02682
combined,3_imu_dvl_sonar,+声呐,0,3,10.2171,11.9077,0.0109165,0.00116405,10.2171,11.9076,nan,0,nan,0,0.167083,0,1,0,nan,0,nan,0
combined,4_imu_dvl_mag_sonar,+磁+声呐,0,3,29.0306,4.32551,0.0230361,0.00105907,29.0306,4.32551,0.416661,0.0267982,-0.0146525,0.00600176,0,0,nan,0,2.70805,0.394212,11.8895,1.03599
combined,5_fusion_fixed_r,声磁融合(固定R),0,3,29.0306,4.32551,0.0230361,0.00105907,29.0306,4.32551,0.416661,0.0267982,-0.0146525,0.00600176,0,0,nan,0,2.70805,0.394212,11.8895,1.03599
combined,6_fusion_adaptive_r,声磁融合(自适应R),0,3,27.7795,5.83857,0.0206146,0.000981527,27.7795,5.83856,0.416661,0.0267982,-0.0146525,0.00600176,0,0,nan,0,1.66148,0.200977,8.3344,0.822951
current,1_imu_dvl,IMU+DVL,0.3,3,22.3226,4.2416,0.0101091,0.00141795,22.3226,4.2416,nan,0,nan,0,1,0,0,0,nan,0,nan,0
current,2_imu_dvl_mag,+磁,0.3,3,21.7232,6.07127,0.0324639,0.00194798,21.7232,6.07126,0.269403,0.00727572,0.225109,0.00565147,0,0,nan,0,1.50597,0.0672546,4.53956,0.231579
current,3_imu_dvl_sonar,+声呐,0.3,3,22.3226,4.2416,0.0101091,0.00141795,22.3226,4.2416,nan,0,nan,0,0,0,nan,0,nan,0,nan,0
current,4_imu_dvl_mag_sonar,+磁+声呐,0.3,3,21.6499,5.42764,0.0277686,0.00190541,21.6499,5.42764,0.269403,0.00727572,0.225109,0.00565147,0,0,nan,0,1.25999,0.0555174,3.78645,0.17573
current,5_fusion_fixed_r,声磁融合(固定R),0.3,3,21.6499,5.42764,0.0277686,0.00190541,21.6499,5.42764,0.269403,0.00727572,0.225109,0.00565147,0,0,nan,0,1.25999,0.0555174,3.78645,0.17573
current,6_fusion_adaptive_r,声磁融合(自适应R),0.3,3,21.8207,5.4706,0.0240288,0.000766915,21.8207,5.47059,0.269403,0.00727572,0.225109,0.00565147,0,0,nan,0,0.998785,0.0455778,2.89219,0.137776
em_noise,1_imu_dvl,IMU+DVL,0,3,21.6047,8.89808,0.00972146,0.000909736,21.6047,8.89807,nan,0,nan,0,1,0,0,0,nan,0,nan,0
em_noise,2_imu_dvl_mag,+磁,0,3,24.5732,7.90092,0.0412238,0.00294211,24.5732,7.9009,0.613254,0.0232961,-0.0340965,0.0527894,0,0,nan,0,9.12046,0.682903,34.7554,3.00338
em_noise,3_imu_dvl_sonar,+声呐,0,3,21.6047,8.89808,0.00972146,0.000909736,21.6047,8.89807,nan,0,nan,0,0,0,nan,0,nan,0,nan,0
em_noise,4_imu_dvl_mag_sonar,+磁+声呐,0,3,22.8796,9.65023,0.035024,0.00258186,22.8797,9.65021,0.613254,0.0232961,-0.0340965,0.0527894,0,0,nan,0,7.42744,0.555911,28.3159,2.56567
em_noise,5_fusion_fixed_r,声磁融合(固定R),0,3,22.8796,9.65023,0.035024,0.00258186,22.8797,9.65021,0.613254,0.0232961,-0.0340965,0.0527894,0,0,nan,0,7.42744,0.555911,28.3159,2.56567
em_noise,6_fusion_adaptive_r,声磁融合(自适应R),0,3,21.5625,8.93966,0.0268471,0.0046221,21.5625,8.93964,0.613254,0.0232961,-0.0340965,0.0527894,0,0,nan,0,3.05489,0.453864,14.4861,3.15243
mag_weak,1_imu_dvl,IMU+DVL,0,3,20.9319,10.8691,0.017572,0.00854809,20.9319,10.8691,nan,0,nan,0,1,0,0,0,nan,0,nan,0
mag_weak,2_imu_dvl_mag,+磁,0,3,21.6447,9.62319,0.0260108,0.00258039,21.6447,9.62318,0.308043,0.000997861,0.00433494,0.016114,0,0,nan,0,2.30631,0.0293003,8.6467,0.379991
mag_weak,3_imu_dvl_sonar,+声呐,0,3,20.9319,10.8691,0.017572,0.00854809,20.9319,10.8691,nan,0,nan,0,0,0,nan,0,nan,0,nan,0
mag_weak,4_imu_dvl_mag_sonar,+磁+声呐,0,3,22.8848,7.51157,0.0222145,0.00153672,22.8849,7.51157,0.308043,0.000997861,0.00433494,0.016114,0,0,nan,0,1.87515,0.0207968,7.08712,0.268994
mag_weak,5_fusion_fixed_r,声磁融合(固定R),0,3,22.8848,7.51157,0.0222145,0.00153672,22.8849,7.51157,0.308043,0.000997861,0.00433494,0.016114,0,0,nan,0,1.87515,0.0207968,7.08712,0.268994
mag_weak,6_fusion_adaptive_r,声磁融合(自适应R),0,3,22.8768,7.65512,0.0205358,0.00157364,22.8768,7.65512,0.308043,0.000997861,0.00433494,0.016114,0,0,nan,0,1.32238,0.0291212,5.06671,0.397976
sonar_occlusion,1_imu_dvl,IMU+DVL,0,3,15.4302,9.49153,0.0138205,0.000627611,15.4302,9.49151,nan,0,nan,0,1,0,0,0,nan,0,nan,0
sonar_occlusion,2_imu_dvl_mag,+磁,0,3,15.3886,9.19172,0.0158556,0.0043094,15.3886,9.19169,0.104718,0.00142714,-0.00176279,0.011212,0,0,nan,0,0.26842,0.00528914,1.04804,0.127883
sonar_occlusion,3_imu_dvl_sonar,+声呐,0,3,15.4302,9.49153,0.0138205,0.000627611,15.4302,9.49151,nan,0,nan,0,0.167083,0,1,0,nan,0,nan,0
sonar_occlusion,4_imu_dvl_mag_sonar,+磁+声呐,0,3,14.4159,10.1282,0.0158207,0.00484685,14.4159,10.1282,0.104718,0.00142714,-0.00176279,0.011212,0,0,nan,0,0.166242,0.00459653,0.648885,0.0275606
sonar_occlusion,5_fusion_fixed_r,声磁融合(固定R),0,3,14.4159,10.1282,0.0158207,0.00484685,14.4159,10.1282,0.104718,0.00142714,-0.00176279,0.011212,0,0,nan,0,0.166242,0.00459653,0.648885,0.0275606
sonar_occlusion,6_fusion_adaptive_r,声磁融合(自适应R),0,3,14.4159,10.1282,0.0158207,0.00484685,14.4159,10.1282,0.104718,0.00142714,-0.00176279,0.011212,0,0,nan,0,0.166242,0.00459653,0.648885,0.0275606
