run_id,scenario,seed,mpc_mode,status,valid_run,invalid_reason,effective_sample_count,failure_event_count,capability_gate_status,solver_wall_time_current_ms,fallback_type,arm,arm_label,rmse_xy_m,rmse_z_m,rmse_3d_m,depth_equiv_error_m,depth_equiv_bias_m,current_speed_mps,target_loss_ratio,reacquire_success_ratio,mag_nis_mean,mag_nis_p95,mag_updates,sonar_input
baseline__seed0,baseline,0,,ok,True,,not_observed,0,not_observed,not_observed,not_observed,1_imu_dvl,IMU+DVL,37.2576568,0.0189076978,37.2576616,nan,nan,0,1,0,nan,nan,0,disabled
baseline__seed1,baseline,1,,ok,True,,not_observed,0,not_observed,not_observed,not_observed,1_imu_dvl,IMU+DVL,10.2984226,0.00797623895,10.2984257,nan,nan,0,1,0,nan,nan,0,disabled
baseline__seed2,baseline,2,,ok,True,,not_observed,0,not_observed,not_observed,not_observed,1_imu_dvl,IMU+DVL,29.6745291,0.0113473477,29.6745313,nan,nan,0,1,0,nan,nan,0,disabled
baseline__seed0,baseline,0,,ok,True,,not_observed,0,not_observed,not_observed,not_observed,2_imu_dvl_mag,+磁,12.8151024,0.00969200041,12.8151061,0.104605667,-0.00459024162,0,0,nan,0.266777331,0.951967973,240,disabled
baseline__seed1,baseline,1,,ok,True,,not_observed,0,not_observed,not_observed,not_observed,2_imu_dvl_mag,+磁,11.6641514,0.00981031525,11.6641555,0.104047002,-0.0121656245,0,0,nan,0.263585348,1.04855158,240,disabled
baseline__seed2,baseline,2,,ok,True,,not_observed,0,not_observed,not_observed,not_observed,2_imu_dvl_mag,+磁,27.0633818,0.0125967625,27.0633848,0.0999472642,0.00271231195,0,0,nan,0.247731878,1.02634527,240,disabled
baseline__seed0,baseline,0,,ok,True,,not_observed,0,not_observed,not_observed,not_observed,3_imu_dvl_sonar,+声呐,37.2576568,0.0189076978,37.2576616,nan,nan,0,0,nan,nan,nan,0,confidence_only
baseline__seed1,baseline,1,,ok,True,,not_observed,0,not_observed,not_observed,not_observed,3_imu_dvl_sonar,+声呐,10.2984226,0.00797623895,10.2984257,nan,nan,0,0,nan,nan,nan,0,confidence_only
baseline__seed2,baseline,2,,ok,True,,not_observed,0,not_observed,not_observed,not_observed,3_imu_dvl_sonar,+声呐,29.6745291,0.0113473477,29.6745313,nan,nan,0,0,nan,nan,nan,0,confidence_only
baseline__seed0,baseline,0,,ok,True,,not_observed,0,not_observed,not_observed,not_observed,4_imu_dvl_mag_sonar,+磁+声呐,13.0046974,0.00868858851,13.0047003,0.104605667,-0.00459024162,0,0,nan,0.217856264,0.806384763,240,confidence_only
baseline__seed1,baseline,1,,ok,True,,not_observed,0,not_observed,not_observed,not_observed,4_imu_dvl_mag_sonar,+磁+声呐,12.7816622,0.00948699534,12.7816657,0.104047002,-0.0121656245,0,0,nan,0.214781304,0.861539567,240,confidence_only
baseline__seed2,baseline,2,,ok,True,,not_observed,0,not_observed,not_observed,not_observed,4_imu_dvl_mag_sonar,+磁+声呐,28.6996085,0.0118367448,28.699611,0.0999472642,0.00271231195,0,0,nan,0.200873811,0.826103397,240,confidence_only
baseline__seed0,baseline,0,,ok,True,,not_observed,0,not_observed,not_observed,not_observed,5_fusion_fixed_r,声磁融合(固定R),13.0046974,0.00868858851,13.0047003,0.104605667,-0.00459024162,0,0,nan,0.217856264,0.806384763,240,confidence_only
baseline__seed1,baseline,1,,ok,True,,not_observed,0,not_observed,not_observed,not_observed,5_fusion_fixed_r,声磁融合(固定R),12.7816622,0.00948699534,12.7816657,0.104047002,-0.0121656245,0,0,nan,0.214781304,0.861539567,240,confidence_only
baseline__seed2,baseline,2,,ok,True,,not_observed,0,not_observed,not_observed,not_observed,5_fusion_fixed_r,声磁融合(固定R),28.6996085,0.0118367448,28.699611,0.0999472642,0.00271231195,0,0,nan,0.200873811,0.826103397,240,confidence_only
baseline__seed0,baseline,0,,ok,True,,not_observed,0,not_observed,not_observed,not_observed,6_fusion_adaptive_r,声磁融合(自适应R),13.0046974,0.00868858851,13.0047003,0.104605667,-0.00459024162,0,0,nan,0.217856264,0.806384763,240,confidence_only
baseline__seed1,baseline,1,,ok,True,,not_observed,0,not_observed,not_observed,not_observed,6_fusion_adaptive_r,声磁融合(自适应R),12.7816622,0.00948699534,12.7816657,0.104047002,-0.0121656245,0,0,nan,0.214781304,0.861539567,240,confidence_only
baseline__seed2,baseline,2,,ok,True,,not_observed,0,not_observed,not_observed,not_observed,6_fusion_adaptive_r,声磁融合(自适应R),28.6996085,0.0118367448,28.699611,0.0999472642,0.00271231195,0,0,nan,0.200873811,0.826103397,240,confidence_only
sonar_occlusion__seed0,sonar_occlusion,0,,ok,True,,not_observed,0,not_observed,not_observed,not_observed,1_imu_dvl,IMU+DVL,20.607923,0.0145713644,20.6079281,nan,nan,0,1,0,nan,nan,0,disabled
sonar_occlusion__seed1,sonar_occlusion,1,,ok,True,,not_observed,0,not_observed,not_observed,not_observed,1_imu_dvl,IMU+DVL,2.11621694,0.0138549518,2.1162623,nan,nan,0,1,0,nan,nan,0,disabled
sonar_occlusion__seed2,sonar_occlusion,2,,ok,True,,not_observed,0,not_observed,not_observed,not_observed,1_imu_dvl,IMU+DVL,23.5663282,0.0130351951,23.5663318,nan,nan,0,1,0,nan,nan,0,disabled
sonar_occlusion__seed0,sonar_occlusion,0,,ok,True,,not_observed,0,not_observed,not_observed,not_observed,2_imu_dvl_mag,+磁,3.50366706,0.0218707034,3.50373532,0.102887927,0.0139837774,0,0,nan,0.262264361,0.928651609,240,disabled
sonar_occlusion__seed1,sonar_occlusion,1,,ok,True,,not_observed,0,not_observed,not_observed,not_observed,2_imu_dvl_mag,+磁,16.7712086,0.0119994221,16.7712129,0.104894328,-0.00802384478,0,0,nan,0.267818618,0.990078346,240,disabled
sonar_occlusion__seed2,sonar_occlusion,2,,ok,True,,not_observed,0,not_observed,not_observed,not_observed,2_imu_dvl_mag,+磁,25.8909772,0.0136966391,25.8909809,0.106370249,-0.0112482905,0,0,nan,0.275178058,1.22537873,240,disabled
sonar_occlusion__seed0,sonar_occlusion,0,,ok,True,,not_observed,0,not_observed,not_observed,not_observed,3_imu_dvl_sonar,+声呐,20.607923,0.0145713644,20.6079281,nan,nan,0,0.167083333,1,nan,nan,0,confidence_only
sonar_occlusion__seed1,sonar_occlusion,1,,ok,True,,not_observed,0,not_observed,not_observed,not_observed,3_imu_dvl_sonar,+声呐,2.11621694,0.0138549518,2.1162623,nan,nan,0,0.167083333,1,nan,nan,0,confidence_only
sonar_occlusion__seed2,sonar_occlusion,2,,ok,True,,not_observed,0,not_observed,not_observed,not_observed,3_imu_dvl_sonar,+声呐,23.5663282,0.0130351951,23.5663318,nan,nan,0,0.167083333,1,nan,nan,0,confidence_only
sonar_occlusion__seed0,sonar_occlusion,0,,ok,True,,not_observed,0,not_observed,not_observed,not_observed,4_imu_dvl_mag_sonar,+磁+声呐,4.03170297,0.0226350122,4.03176651,0.102887927,0.0139837774,0,0,nan,0.172010019,0.62082994,240,confidence_only
sonar_occlusion__seed1,sonar_occlusion,1,,ok,True,,not_observed,0,not_observed,not_observed,not_observed,4_imu_dvl_mag_sonar,+磁+声呐,11.0641055,0.0117719263,11.0641118,0.104894328,-0.00802384478,0,0,nan,0.16595253,0.639479418,240,confidence_only
sonar_occlusion__seed2,sonar_occlusion,2,,ok,True,,not_observed,0,not_observed,not_observed,not_observed,4_imu_dvl_mag_sonar,+磁+声呐,28.1518803,0.0130550926,28.1518833,0.106370249,-0.0112482905,0,0,nan,0.160761994,0.686344391,240,confidence_only
sonar_occlusion__seed0,sonar_occlusion,0,,ok,True,,not_observed,0,not_observed,not_observed,not_observed,5_fusion_fixed_r,声磁融合(固定R),4.03170297,0.0226350122,4.03176651,0.102887927,0.0139837774,0,0,nan,0.172010019,0.62082994,240,confidence_only
sonar_occlusion__seed1,sonar_occlusion,1,,ok,True,,not_observed,0,not_observed,not_observed,not_observed,5_fusion_fixed_r,声磁融合(固定R),11.0641055,0.0117719263,11.0641118,0.104894328,-0.00802384478,0,0,nan,0.16595253,0.639479418,240,confidence_only
sonar_occlusion__seed2,sonar_occlusion,2,,ok,True,,not_observed,0,not_observed,not_observed,not_observed,5_fusion_fixed_r,声磁融合(固定R),28.1518803,0.0130550926,28.1518833,0.106370249,-0.0112482905,0,0,nan,0.160761994,0.686344391,240,confidence_only
sonar_occlusion__seed0,sonar_occlusion,0,,ok,True,,not_observed,0,not_observed,not_observed,not_observed,6_fusion_adaptive_r,声磁融合(自适应R),4.03170297,0.0226350122,4.03176651,0.102887927,0.0139837774,0,0,nan,0.172010019,0.62082994,240,confidence_only
sonar_occlusion__seed1,sonar_occlusion,1,,ok,True,,not_observed,0,not_observed,not_observed,not_observed,6_fusion_adaptive_r,声磁融合(自适应R),11.0641055,0.0117719263,11.0641118,0.104894328,-0.00802384478,0,0,nan,0.16595253,0.639479418,240,confidence_only
sonar_occlusion__seed2,sonar_occlusion,2,,ok,True,,not_observed,0,not_observed,not_observed,not_observed,6_fusion_adaptive_r,声磁融合(自适应R),28.1518803,0.0130550926,28.1518833,0.106370249,-0.0112482905,0,0,nan,0.160761994,0.686344391,240,confidence_only
mag_weak__seed0,mag_weak,0,,ok,True,,not_observed,0,not_observed,not_observed,not_observed,1_imu_dvl,IMU+DVL,6.64563813,0.0294438382,6.64570336,nan,nan,0,1,0,nan,nan,0,disabled
mag_weak__seed1,mag_weak,1,,ok,True,,not_observed,0,not_observed,not_observed,not_observed,1_imu_dvl,IMU+DVL,32.9874915,0.00966137587,32.9874929,nan,nan,0,1,0,nan,nan,0,disabled
mag_weak__seed2,mag_weak,2,,ok,True,,not_observed,0,not_observed,not_observed,not_observed,1_imu_dvl,IMU+DVL,23.1626284,0.0136108376,23.1626324,nan,nan,0,1,0,nan,nan,0,disabled
mag_weak__seed0,mag_weak,0,,ok,True,,not_observed,0,not_observed,not_observed,not_observed,2_imu_dvl_mag,+磁,16.1083756,0.0296559907,16.1084029,0.30844408,0.0270253129,0,0,nan,2.33595929,8.14942947,240,disabled
mag_weak__seed1,mag_weak,1,,ok,True,,not_observed,0,not_observed,not_observed,not_observed,2_imu_dvl_mag,+磁,35.1795087,0.0240403125,35.1795169,0.309014673,-0.00517971473,0,0,nan,2.31654861,8.71890134,240,disabled
mag_weak__seed2,mag_weak,2,,ok,True,,not_observed,0,not_observed,not_observed,not_observed,2_imu_dvl_mag,+磁,13.6462417,0.0243359716,13.6462634,0.306671079,-0.00884077534,0,0,nan,2.26641487,9.07177454,240,disabled
mag_weak__seed0,mag_weak,0,,ok,True,,not_observed,0,not_observed,not_observed,not_observed,3_imu_dvl_sonar,+声呐,6.64563813,0.0294438382,6.64570336,nan,nan,0,0,nan,nan,nan,0,confidence_only
mag_weak__seed1,mag_weak,1,,ok,True,,not_observed,0,not_observed,not_observed,not_observed,3_imu_dvl_sonar,+声呐,32.9874915,0.00966137587,32.9874929,nan,nan,0,0,nan,nan,nan,0,confidence_only
mag_weak__seed2,mag_weak,2,,ok,True,,not_observed,0,not_observed,not_observed,not_observed,3_imu_dvl_sonar,+声呐,23.1626284,0.0136108376,23.1626324,nan,nan,0,0,nan,nan,nan,0,confidence_only
mag_weak__seed0,mag_weak,0,,ok,True,,not_observed,0,not_observed,not_observed,not_observed,4_imu_dvl_mag_sonar,+磁+声呐,18.3075899,0.0243569152,18.3076061,0.30844408,0.0270253129,0,0,nan,1.89413315,6.73168191,240,confidence_only
mag_weak__seed1,mag_weak,1,,ok,True,,not_observed,0,not_observed,not_observed,not_observed,4_imu_dvl_mag_sonar,+磁+声呐,33.4754069,0.0208275335,33.4754133,0.309014673,-0.00517971473,0,0,nan,1.88511451,7.1474433,240,confidence_only
mag_weak__seed2,mag_weak,2,,ok,True,,not_observed,0,not_observed,not_observed,not_observed,4_imu_dvl_mag_sonar,+磁+声呐,16.8715317,0.0214589274,16.8715454,0.306671079,-0.00884077534,0,0,nan,1.84620404,7.38224414,240,confidence_only
mag_weak__seed0,mag_weak,0,,ok,True,,not_observed,0,not_observed,not_observed,not_observed,5_fusion_fixed_r,声磁融合(固定R),18.3075899,0.0243569152,18.3076061,0.30844408,0.0270253129,0,0,nan,1.89413315,6.73168191,240,confidence_only
mag_weak__seed1,mag_weak,1,,ok,True,,not_observed,0,not_observed,not_observed,not_observed,5_fusion_fixed_r,声磁融合(固定R),33.4754069,0.0208275335,33.4754133,0.309014673,-0.00517971473,0,0,nan,1.88511451,7.1474433,240,confidence_only
mag_weak__seed2,mag_weak,2,,ok,True,,not_observed,0,not_observed,not_observed,not_observed,5_fusion_fixed_r,声磁融合(固定R),16.8715317,0.0214589274,16.8715454,0.306671079,-0.00884077534,0,0,nan,1.84620404,7.38224414,240,confidence_only
mag_weak__seed0,mag_weak,0,,ok,True,,not_observed,0,not_observed,not_observed,not_observed,6_fusion_adaptive_r,声磁融合(自适应R),17.6078981,0.0227416349,17.6079128,0.30844408,0.0270253129,0,0,nan,1.36232633,5.24952237,240,confidence_only
mag_weak__seed1,mag_weak,1,,ok,True,,not_observed,0,not_observed,not_observed,not_observed,6_fusion_adaptive_r,声磁融合(自适应R),33.7014675,0.0191773513,33.7014729,0.309014673,-0.00517971473,0,0,nan,1.31110811,4.51431868,240,confidence_only
mag_weak__seed2,mag_weak,2,,ok,True,,not_observed,0,not_observed,not_observed,not_observed,6_fusion_adaptive_r,声磁融合(自适应R),17.320898,0.0196884686,17.3209092,0.306671079,-0.00884077534,0,0,nan,1.2937205,5.4363015,240,confidence_only
em_noise__seed0,em_noise,0,,ok,True,,not_observed,0,not_observed,not_observed,not_observed,1_imu_dvl,IMU+DVL,16.6068725,0.0085279773,16.6068747,nan,nan,0,1,0,nan,nan,0,disabled
em_noise__seed1,em_noise,1,,ok,True,,not_observed,0,not_observed,not_observed,not_observed,1_imu_dvl,IMU+DVL,14.102058,0.0107342912,14.1020621,nan,nan,0,1,0,nan,nan,0,disabled
em_noise__seed2,em_noise,2,,ok,True,,not_observed,0,not_observed,not_observed,not_observed,1_imu_dvl,IMU+DVL,34.1050736,0.00990209743,34.1050751,nan,nan,0,1,0,nan,nan,0,disabled
em_noise__seed0,em_noise,0,,ok,True,,not_observed,0,not_observed,not_observed,not_observed,2_imu_dvl_mag,+磁,14.1159548,0.0453800456,14.1160277,0.642270667,0.0325879262,0,0,nan,9.94904527,38.8557641,240,disabled
em_noise__seed1,em_noise,1,,ok,True,,not_observed,0,not_observed,not_observed,not_observed,2_imu_dvl_mag,+磁,26.3928172,0.0393141666,26.3928465,0.585233179,-0.0965071381,0,0,nan,8.27649347,31.745758,240,disabled
em_noise__seed2,em_noise,2,,ok,True,,not_observed,0,not_observed,not_observed,not_observed,2_imu_dvl_mag,+磁,33.2108277,0.038977261,33.2108505,0.61225699,-0.0383703733,0,0,nan,9.13582757,33.6645398,240,disabled
em_noise__seed0,em_noise,0,,ok,True,,not_observed,0,not_observed,not_observed,not_observed,3_imu_dvl_sonar,+声呐,16.6068725,0.0085279773,16.6068747,nan,nan,0,0,nan,nan,nan,0,confidence_only
em_noise__seed1,em_noise,1,,ok,True,,not_observed,0,not_observed,not_observed,not_observed,3_imu_dvl_sonar,+声呐,14.102058,0.0107342912,14.1020621,nan,nan,0,0,nan,nan,nan,0,confidence_only
em_noise__seed2,em_noise,2,,ok,True,,not_observed,0,not_observed,not_observed,not_observed,3_imu_dvl_sonar,+声呐,34.1050736,0.00990209743,34.1050751,nan,nan,0,0,nan,nan,nan,0,confidence_only
em_noise__seed0,em_noise,0,,ok,True,,not_observed,0,not_observed,not_observed,not_observed,4_imu_dvl_mag_sonar,+磁+声呐,9.63241577,0.0386752052,9.63249341,0.642270667,0.0325879262,0,0,nan,8.10705759,31.7915656,240,confidence_only
em_noise__seed1,em_noise,1,,ok,True,,not_observed,0,not_observed,not_observed,not_observed,4_imu_dvl_mag_sonar,+磁+声呐,26.661675,0.0331764603,26.6616957,0.585233179,-0.0965071381,0,0,nan,6.74536593,25.6759897,240,confidence_only
em_noise__seed2,em_noise,2,,ok,True,,not_observed,0,not_observed,not_observed,not_observed,4_imu_dvl_mag_sonar,+磁+声呐,32.3447495,0.0332202965,32.3447666,0.61225699,-0.0383703733,0,0,nan,7.42989582,27.4800669,240,confidence_only
em_noise__seed0,em_noise,0,,ok,True,,not_observed,0,not_observed,not_observed,not_observed,5_fusion_fixed_r,声磁融合(固定R),9.63241577,0.0386752052,9.63249341,0.642270667,0.0325879262,0,0,nan,8.10705759,31.7915656,240,confidence_only
em_noise__seed1,em_noise,1,,ok,True,,not_observed,0,not_observed,not_observed,not_observed,5_fusion_fixed_r,声磁融合(固定R),26.661675,0.0331764603,26.6616957,0.585233179,-0.0965071381,0,0,nan,6.74536593,25.6759897,240,confidence_only
em_noise__seed2,em_noise,2,,ok,True,,not_observed,0,not_observed,not_observed,not_observed,5_fusion_fixed_r,声磁融合(固定R),32.3447495,0.0332202965,32.3447666,0.61225699,-0.0383703733,0,0,nan,7.42989582,27.4800669,240,confidence_only
em_noise__seed0,em_noise,0,,ok,True,,not_observed,0,not_observed,not_observed,not_observed,6_fusion_adaptive_r,声磁融合(自适应R),9.84513722,0.0330673566,9.84519275,0.642270667,0.0325879262,0,0,nan,3.69670052,18.0565636,240,confidence_only
em_noise__seed1,em_noise,1,,ok,True,,not_observed,0,not_observed,not_observed,not_observed,6_fusion_adaptive_r,声磁融合(自适应R),23.3097208,0.0219971571,23.3097312,0.585233179,-0.0965071381,0,0,nan,2.74083909,15.0129928,240,confidence_only
em_noise__seed2,em_noise,2,,ok,True,,not_observed,0,not_observed,not_observed,not_observed,6_fusion_adaptive_r,声磁融合(自适应R),31.5326222,0.025476736,31.5326325,0.61225699,-0.0383703733,0,0,nan,2.72712768,10.3888386,240,confidence_only
current__seed0,current,0,,ok,True,,not_observed,0,not_observed,not_observed,not_observed,1_imu_dvl,IMU+DVL,26.7959071,0.0120538515,26.7959098,nan,nan,0.3,1,0,nan,nan,0,disabled
current__seed1,current,1,,ok,True,,not_observed,0,not_observed,not_observed,not_observed,1_imu_dvl,IMU+DVL,16.624905,0.00956035839,16.6249078,nan,nan,0.3,1,0,nan,nan,0,disabled
current__seed2,current,2,,ok,True,,not_observed,0,not_observed,not_observed,not_observed,1_imu_dvl,IMU+DVL,23.5470318,0.00871317712,23.5470335,nan,nan,0.3,1,0,nan,nan,0,disabled
current__seed0,current,0,,ok,True,,not_observed,0,not_observed,not_observed,not_observed,2_imu_dvl_mag,+磁,26.3141858,0.0351836082,26.3142094,0.278575039,0.229494884,0.3,0,nan,1.5901615,4.81678681,240,disabled
current__seed1,current,1,,ok,True,,not_observed,0,not_observed,not_observed,not_observed,2_imu_dvl_mag,+磁,13.1441877,0.0314840232,13.1442254,0.260778528,0.217129563,0.3,0,nan,1.42555213,4.55193797,240,disabled
current__seed2,current,2,,ok,True,,not_observed,0,not_observed,not_observed,not_observed,2_imu_dvl_mag,+磁,25.7112388,0.0307241052,25.7112572,0.268854823,0.228702062,0.3,0,nan,1.50219107,4.24994103,240,disabled
current__seed0,current,0,,ok,True,,not_observed,0,not_observed,not_observed,not_observed,3_imu_dvl_sonar,+声呐,26.7959071,0.0120538515,26.7959098,nan,nan,0.3,0,nan,nan,nan,0,confidence_only
current__seed1,current,1,,ok,True,,not_observed,0,not_observed,not_observed,not_observed,3_imu_dvl_sonar,+声呐,16.624905,0.00956035839,16.6249078,nan,nan,0.3,0,nan,nan,nan,0,confidence_only
current__seed2,current,2,,ok,True,,not_observed,0,not_observed,not_observed,not_observed,3_imu_dvl_sonar,+声呐,23.5470318,0.00871317712,23.5470335,nan,nan,0.3,0,nan,nan,nan,0,confidence_only
current__seed0,current,0,,ok,True,,not_observed,0,not_observed,not_observed,not_observed,4_imu_dvl_mag_sonar,+磁+声呐,26.2519954,0.0304070024,26.2520131,0.278575039,0.229494884,0.3,0,nan,1.32958465,4.00026335,240,confidence_only
current__seed1,current,1,,ok,True,,not_observed,0,not_observed,not_observed,not_observed,4_imu_dvl_mag_sonar,+磁+声呐,14.0286561,0.0269239191,14.0286819,0.260778528,0.217129563,0.3,0,nan,1.19371771,3.7892422,240,confidence_only
current__seed2,current,2,,ok,True,,not_observed,0,not_observed,not_observed,not_observed,4_imu_dvl_mag_sonar,+磁+声呐,24.6690443,0.0259749765,24.6690579,0.268854823,0.228702062,0.3,0,nan,1.25665535,3.56984187,240,confidence_only
current__seed0,current,0,,ok,True,,not_observed,0,not_observed,not_observed,not_observed,5_fusion_fixed_r,声磁融合(固定R),26.2519954,0.0304070024,26.2520131,0.278575039,0.229494884,0.3,0,nan,1.32958465,4.00026335,240,confidence_only
current__seed1,current,1,,ok,True,,not_observed,0,not_observed,not_observed,not_observed,5_fusion_fixed_r,声磁融合(固定R),14.0286561,0.0269239191,14.0286819,0.260778528,0.217129563,0.3,0,nan,1.19371771,3.7892422,240,confidence_only
current__seed2,current,2,,ok,True,,not_observed,0,not_observed,not_observed,not_observed,5_fusion_fixed_r,声磁融合(固定R),24.6690443,0.0259749765,24.6690579,0.268854823,0.228702062,0.3,0,nan,1.25665535,3.56984187,240,confidence_only
current__seed0,current,0,,ok,True,,not_observed,0,not_observed,not_observed,not_observed,6_fusion_adaptive_r,声磁融合(自适应R),26.3781828,0.0251092407,26.3781948,0.278575039,0.229494884,0.3,0,nan,1.02070601,3.0784083,240,confidence_only
current__seed1,current,1,,ok,True,,not_observed,0,not_observed,not_observed,not_observed,6_fusion_adaptive_r,声磁融合(自适应R),14.1277605,0.0234069587,14.1277799,0.260778528,0.217129563,0.3,0,nan,0.935330051,2.74942744,240,confidence_only
current__seed2,current,2,,ok,True,,not_observed,0,not_observed,not_observed,not_observed,6_fusion_adaptive_r,声磁融合(自适应R),24.9560276,0.0235700667,24.9560388,0.268854823,0.228702062,0.3,0,nan,1.04031746,2.84873174,240,confidence_only
combined__seed0,combined,0,,ok,True,,not_observed,0,not_observed,not_observed,not_observed,1_imu_dvl,IMU+DVL,27.0351226,0.0107980131,27.0351248,nan,nan,0,1,0,nan,nan,0,disabled
combined__seed1,combined,1,,ok,True,,not_observed,0,not_observed,not_observed,not_observed,1_imu_dvl,IMU+DVL,2.55165554,0.00955372253,2.55167342,nan,nan,0,1,0,nan,nan,0,disabled
combined__seed2,combined,2,,ok,True,,not_observed,0,not_observed,not_observed,not_observed,1_imu_dvl,IMU+DVL,1.06440103,0.0123976643,1.06447323,nan,nan,0,1,0,nan,nan,0,disabled
combined__seed0,combined,0,,ok,True,,not_observed,0,not_observed,not_observed,not_observed,2_imu_dvl_mag,+磁,17.9674362,0.0267376459,17.9674561,0.410278279,-0.00627823614,0,0,nan,4.08742395,15.5320609,240,disabled
combined__seed1,combined,1,,ok,True,,not_observed,0,not_observed,not_observed,not_observed,2_imu_dvl_mag,+磁,11.407017,0.0268980388,11.4070487,0.3875009,-0.0176415026,0,0,nan,3.6523216,15.1831483,240,disabled
combined__seed2,combined,2,,ok,True,,not_observed,0,not_observed,not_observed,not_observed,2_imu_dvl_mag,+磁,36.7711597,0.031806939,36.7711734,0.452205027,-0.020037755,0,0,nan,4.91924253,19.6465131,240,disabled
combined__seed0,combined,0,,ok,True,,not_observed,0,not_observed,not_observed,not_observed,3_imu_dvl_sonar,+声呐,27.0351226,0.0107980131,27.0351248,nan,nan,0,0.167083333,1,nan,nan,0,confidence_only
combined__seed1,combined,1,,ok,True,,not_observed,0,not_observed,not_observed,not_observed,3_imu_dvl_sonar,+声呐,2.55165554,0.00955372253,2.55167342,nan,nan,0,0.167083333,1,nan,nan,0,confidence_only
combined__seed2,combined,2,,ok,True,,not_observed,0,not_observed,not_observed,not_observed,3_imu_dvl_sonar,+声呐,1.06440103,0.0123976643,1.06447323,nan,nan,0,0.167083333,1,nan,nan,0,confidence_only
combined__seed0,combined,0,,ok,True,,not_observed,0,not_observed,not_observed,not_observed,4_imu_dvl_mag_sonar,+磁+声呐,25.9900368,0.0220777412,25.9900461,0.410278279,-0.00627823614,0,0,nan,2.55539505,11.1793924,240,confidence_only
combined__seed1,combined,1,,ok,True,,not_observed,0,not_observed,not_observed,not_observed,4_imu_dvl_mag_sonar,+磁+声呐,25.9539186,0.0225183753,25.9539283,0.3875009,-0.0176415026,0,0,nan,2.32002004,11.1347927,240,confidence_only
combined__seed2,combined,2,,ok,True,,not_observed,0,not_observed,not_observed,not_observed,4_imu_dvl_mag_sonar,+磁+声呐,35.1477257,0.024512037,35.1477343,0.452205027,-0.020037755,0,0,nan,3.24873331,13.3544135,240,confidence_only
combined__seed0,combined,0,,ok,True,,not_observed,0,not_observed,not_observed,not_observed,5_fusion_fixed_r,声磁融合(固定R),25.9900368,0.0220777412,25.9900461,0.410278279,-0.00627823614,0,0,nan,2.55539505,11.1793924,240,confidence_only
combined__seed1,combined,1,,ok,True,,not_observed,0,not_observed,not_observed,not_observed,5_fusion_fixed_r,声磁融合(固定R),25.9539186,0.0225183753,25.9539283,0.3875009,-0.0176415026,0,0,nan,2.32002004,11.1347927,240,confidence_only
combined__seed2,combined,2,,ok,True,,not_observed,0,not_observed,not_observed,not_observed,5_fusion_fixed_r,声磁融合(固定R),35.1477257,0.024512037,35.1477343,0.452205027,-0.020037755,0,0,nan,3.24873331,13.3544135,240,confidence_only
combined__seed0,combined,0,,ok,True,,not_observed,0,not_observed,not_observed,not_observed,6_fusion_adaptive_r,声磁融合(自适应R),21.353991,0.0195488043,21.354,0.410278279,-0.00627823614,0,0,nan,1.57477324,7.97701081,240,confidence_only
combined__seed1,combined,1,,ok,True,,not_observed,0,not_observed,not_observed,not_observed,6_fusion_adaptive_r,声磁融合(自适应R),26.5014071,0.0203774569,26.501415,0.3875009,-0.0176415026,0,0,nan,1.470412,7.55388295,240,confidence_only
combined__seed2,combined,2,,ok,True,,not_observed,0,not_observed,not_observed,not_observed,6_fusion_adaptive_r,声磁融合(自适应R),35.4831249,0.0219176847,35.4831317,0.452205027,-0.020037755,0,0,nan,1.93924025,9.47229671,240,confidence_only
