scenario,controller,variant,seed,lateral_rmse_m,lateral_p95_m,yaw_rmse_deg,solve_success_rate,current_x_mps,current_y_mps,lateral_offset_m,yaw_noise_std_deg
s_turn_long_wave,pid_yaw_only_fixed_speed,baseline,0,2.473670977908343,4.195177201106006,0.47918231023485086,1.0,0.05019134568652066,0.05836561200784218,-0.7344423617020885,0.02479145329279364
s_turn_long_wave,pid_los_fixed_speed,baseline,0,1.10319148123356,1.9053020746733875,5.33633359059594,1.0,0.05019134568652066,0.05836561200784218,-0.7344423617020885,0.02479145329279364
s_turn_long_wave,mpc_preview_speed,xy_v4_short_realtime,0,0.12527633294375326,0.1445696337024898,2.782600106541339,1.0,0.05019134568652066,0.05836561200784218,-0.7344423617020885,0.02479145329279364
s_turn_long_wave,pid_yaw_only_fixed_speed,baseline,1,0.7219917970900782,1.0594221962770145,1.9072014108067576,1.0,0.144646432932703,0.010763771803601609,-0.5693446196485861,1.4229741707058658
s_turn_long_wave,pid_los_fixed_speed,baseline,1,1.4086333768196333,1.7658535425202493,13.012626815931409,1.0,0.144646432932703,0.010763771803601609,-0.5693446196485861,1.4229741707058658
s_turn_long_wave,mpc_preview_speed,xy_v4_short_realtime,1,0.1888962561950207,0.19141234856068348,3.91805185954386,1.0,0.144646432932703,0.010763771803601609,-0.5693446196485861,1.4229741707058658
s_turn_long_wave,pid_yaw_only_fixed_speed,baseline,2,3.6033326989846857,6.2312071984357935,0.49884217978744244,1.0,0.005820719024212909,-0.07963667679624198,0.5027611849508486,0.13787391320264536
s_turn_long_wave,pid_los_fixed_speed,baseline,2,1.0918739058083984,1.9720389831510534,6.611470875010458,1.0,0.005820719024212909,-0.07963667679624198,0.5027611849508486,0.13787391320264536
s_turn_long_wave,mpc_preview_speed,xy_v4_short_realtime,2,0.12028506634002978,0.1542321612533431,3.092636208172871,1.0,0.005820719024212909,-0.07963667679624198,0.5027611849508486,0.13787391320264536
s_turn_long_wave,pid_yaw_only_fixed_speed,baseline,3,1.4939119584275473,2.8661396271691215,1.0663760061204686,1.0,-0.06326686600296992,-0.03776507503588814,0.482039144330235,0.8732430540965517
s_turn_long_wave,pid_los_fixed_speed,baseline,3,1.059890510563696,1.7142102720941492,6.961241724076121,1.0,-0.06326686600296992,-0.03776507503588814,0.482039144330235,0.8732430540965517
s_turn_long_wave,mpc_preview_speed,xy_v4_short_realtime,3,0.09807344276044977,0.13083821662023093,2.444267158022758,1.0,-0.06326686600296992,-0.03776507503588814,0.482039144330235,0.8732430540965517
s_turn_long_wave,pid_yaw_only_fixed_speed,baseline,4,2.591584235162605,3.6006059631228724,0.4615505141387158,1.0,-0.09472836169123805,0.03541711001915368,0.7619899291323267,0.12125403584340329
s_turn_long_wave,pid_los_fixed_speed,baseline,4,1.068783762987211,1.7288002176257715,7.200489163186831,1.0,-0.09472836169123805,0.03541711001915368,0.7619899291323267,0.12125403584340329
s_turn_long_wave,mpc_preview_speed,xy_v4_short_realtime,4,0.13085130090550431,0.1496831966934686,2.9513880676042925,1.0,-0.09472836169123805,0.03541711001915368,0.7619899291323267,0.12125403584340329
s_turn_short_wave,pid_yaw_only_fixed_speed,baseline,0,2.8354987623103263,5.142717748232158,60.55955370613545,1.0,0.05019134568652066,0.05836561200784218,-0.7344423617020885,0.02479145329279364
s_turn_short_wave,pid_los_fixed_speed,baseline,0,1.730712475362199,3.757107576073699,60.92934839291669,1.0,0.05019134568652066,0.05836561200784218,-0.7344423617020885,0.02479145329279364
s_turn_short_wave,mpc_preview_speed,xy_v3_speed_flexible,0,1.920758271528739,3.5711955363898826,67.0962993020237,1.0,0.05019134568652066,0.05836561200784218,-0.7344423617020885,0.02479145329279364
s_turn_short_wave,pid_yaw_only_fixed_speed,baseline,1,3.1807203464267655,5.356253091062592,56.13462263209084,1.0,0.144646432932703,0.010763771803601609,-0.5693446196485861,1.4229741707058658
s_turn_short_wave,pid_los_fixed_speed,baseline,1,1.6901953923379982,3.7000967770589086,61.623747798048626,1.0,0.144646432932703,0.010763771803601609,-0.5693446196485861,1.4229741707058658
s_turn_short_wave,mpc_preview_speed,xy_v3_speed_flexible,1,2.0907773095480864,4.057658053426358,69.96673603158963,1.0,0.144646432932703,0.010763771803601609,-0.5693446196485861,1.4229741707058658
s_turn_short_wave,pid_yaw_only_fixed_speed,baseline,2,2.321197070188057,4.47360683895571,58.697440220129565,1.0,0.005820719024212909,-0.07963667679624198,0.5027611849508486,0.13787391320264536
s_turn_short_wave,pid_los_fixed_speed,baseline,2,1.6149496051642158,2.96633224961421,66.3474164749631,1.0,0.005820719024212909,-0.07963667679624198,0.5027611849508486,0.13787391320264536
s_turn_short_wave,mpc_preview_speed,xy_v3_speed_flexible,2,1.601956475053644,2.9606283902916375,69.43219363310646,1.0,0.005820719024212909,-0.07963667679624198,0.5027611849508486,0.13787391320264536
s_turn_short_wave,pid_yaw_only_fixed_speed,baseline,3,2.6332328207589164,4.6608840367882385,58.463124565427954,1.0,-0.06326686600296992,-0.03776507503588814,0.482039144330235,0.8732430540965517
s_turn_short_wave,pid_los_fixed_speed,baseline,3,1.663187869898108,3.5175584210294994,60.882231426983914,1.0,-0.06326686600296992,-0.03776507503588814,0.482039144330235,0.8732430540965517
s_turn_short_wave,mpc_preview_speed,xy_v3_speed_flexible,3,1.7091719051629632,2.9813607504645936,70.20713020383188,1.0,-0.06326686600296992,-0.03776507503588814,0.482039144330235,0.8732430540965517
s_turn_short_wave,pid_yaw_only_fixed_speed,baseline,4,2.654317556247723,4.810136062877947,58.019713595161,1.0,-0.09472836169123805,0.03541711001915368,0.7619899291323267,0.12125403584340329
s_turn_short_wave,pid_los_fixed_speed,baseline,4,1.6608214847365128,3.0604823568456223,66.09024993687608,1.0,-0.09472836169123805,0.03541711001915368,0.7619899291323267,0.12125403584340329
s_turn_short_wave,mpc_preview_speed,xy_v3_speed_flexible,4,1.7981503505600638,3.3571123432483043,59.09016236046492,1.0,-0.09472836169123805,0.03541711001915368,0.7619899291323267,0.12125403584340329
chicane_90deg,pid_yaw_only_fixed_speed,baseline,0,3.6319289111472473,6.562728544971812,48.50868884329981,1.0,0.05019134568652066,0.05836561200784218,-0.7344423617020885,0.02479145329279364
chicane_90deg,pid_los_fixed_speed,baseline,0,0.8381660098252116,1.551319325026674,23.769516750717244,1.0,0.05019134568652066,0.05836561200784218,-0.7344423617020885,0.02479145329279364
chicane_90deg,mpc_preview_speed,xy_v1_balanced,0,1.8661522668411243,3.9775619973935252,33.33790698433464,1.0,0.05019134568652066,0.05836561200784218,-0.7344423617020885,0.02479145329279364
chicane_90deg,pid_yaw_only_fixed_speed,baseline,1,3.8838329039034982,7.6414959140804175,46.724380191397145,1.0,0.144646432932703,0.010763771803601609,-0.5693446196485861,1.4229741707058658
chicane_90deg,pid_los_fixed_speed,baseline,1,1.9176272753947834,3.322986066857164,28.08402373457409,1.0,0.144646432932703,0.010763771803601609,-0.5693446196485861,1.4229741707058658
chicane_90deg,mpc_preview_speed,xy_v1_balanced,1,2.228774597012081,4.393345072035702,32.79207771327637,1.0,0.144646432932703,0.010763771803601609,-0.5693446196485861,1.4229741707058658
chicane_90deg,pid_yaw_only_fixed_speed,baseline,2,3.7506726974058218,6.269130400925259,42.157726888915974,1.0,0.005820719024212909,-0.07963667679624198,0.5027611849508486,0.13787391320264536
chicane_90deg,pid_los_fixed_speed,baseline,2,0.7431906209431267,1.4652259726604888,24.035226232537454,1.0,0.005820719024212909,-0.07963667679624198,0.5027611849508486,0.13787391320264536
chicane_90deg,mpc_preview_speed,xy_v1_balanced,2,1.3018606880777626,2.57848754295187,28.326510679744352,1.0,0.005820719024212909,-0.07963667679624198,0.5027611849508486,0.13787391320264536
chicane_90deg,pid_yaw_only_fixed_speed,baseline,3,3.0141577381207245,5.355367465977842,36.13275834367972,1.0,-0.06326686600296992,-0.03776507503588814,0.482039144330235,0.8732430540965517
chicane_90deg,pid_los_fixed_speed,baseline,3,0.7994349410784091,1.6234042177067334,23.701077213403646,1.0,-0.06326686600296992,-0.03776507503588814,0.482039144330235,0.8732430540965517
chicane_90deg,mpc_preview_speed,xy_v1_balanced,3,1.156261739197456,2.6496277939502284,26.417519187146624,1.0,-0.06326686600296992,-0.03776507503588814,0.482039144330235,0.8732430540965517
chicane_90deg,pid_yaw_only_fixed_speed,baseline,4,2.862753984065492,5.35732163126823,36.13391027601999,1.0,-0.09472836169123805,0.03541711001915368,0.7619899291323267,0.12125403584340329
chicane_90deg,pid_los_fixed_speed,baseline,4,0.7169947023176423,1.498906538299739,22.448108107362643,1.0,-0.09472836169123805,0.03541711001915368,0.7619899291323267,0.12125403584340329
chicane_90deg,mpc_preview_speed,xy_v1_balanced,4,1.2824266237536377,3.1218161806535094,27.919067176396172,1.0,-0.09472836169123805,0.03541711001915368,0.7619899291323267,0.12125403584340329
hairpin_180deg,pid_yaw_only_fixed_speed,baseline,0,4.807555999641173,13.18880870145472,1.4806234061268178,1.0,0.05019134568652066,0.05836561200784218,-0.7344423617020885,0.02479145329279364
hairpin_180deg,pid_los_fixed_speed,baseline,0,4.1487082267124675,10.144130595772381,63.35257607837512,1.0,0.05019134568652066,0.05836561200784218,-0.7344423617020885,0.02479145329279364
hairpin_180deg,mpc_preview_speed,xy_v3_speed_flexible,0,2.2019478664210825,4.833316127934595,68.14613362053433,1.0,0.05019134568652066,0.05836561200784218,-0.7344423617020885,0.02479145329279364
hairpin_180deg,pid_yaw_only_fixed_speed,baseline,1,3.616590876278456,6.413240184068445,3.4422845750426125,1.0,0.144646432932703,0.010763771803601609,-0.5693446196485861,1.4229741707058658
hairpin_180deg,pid_los_fixed_speed,baseline,1,3.6151040471282236,10.110334702645053,49.78495248481096,1.0,0.144646432932703,0.010763771803601609,-0.5693446196485861,1.4229741707058658
hairpin_180deg,mpc_preview_speed,xy_v3_speed_flexible,1,2.642304507012699,5.172199930910104,55.43581344648848,1.0,0.144646432932703,0.010763771803601609,-0.5693446196485861,1.4229741707058658
hairpin_180deg,pid_yaw_only_fixed_speed,baseline,2,3.074608046110797,8.734839149591647,0.766393925771204,1.0,0.005820719024212909,-0.07963667679624198,0.5027611849508486,0.13787391320264536
hairpin_180deg,pid_los_fixed_speed,baseline,2,4.1060362695815,9.792504016790632,65.1232088612506,1.0,0.005820719024212909,-0.07963667679624198,0.5027611849508486,0.13787391320264536
hairpin_180deg,mpc_preview_speed,xy_v3_speed_flexible,2,2.1269874655903,6.0077965990617255,4.542946088474336,1.0,0.005820719024212909,-0.07963667679624198,0.5027611849508486,0.13787391320264536
hairpin_180deg,pid_yaw_only_fixed_speed,baseline,3,4.590375388852848,13.110216017393917,2.2150381972361872,1.0,-0.06326686600296992,-0.03776507503588814,0.482039144330235,0.8732430540965517
hairpin_180deg,pid_los_fixed_speed,baseline,3,4.819392715902556,11.296644893733788,65.93923971945556,1.0,-0.06326686600296992,-0.03776507503588814,0.482039144330235,0.8732430540965517
hairpin_180deg,mpc_preview_speed,xy_v3_speed_flexible,3,2.583917914708596,6.247159673913247,69.88675781921619,1.0,-0.06326686600296992,-0.03776507503588814,0.482039144330235,0.8732430540965517
hairpin_180deg,pid_yaw_only_fixed_speed,baseline,4,6.401743352289898,17.227687219027302,6.0906833738636585,1.0,-0.09472836169123805,0.03541711001915368,0.7619899291323267,0.12125403584340329
hairpin_180deg,pid_los_fixed_speed,baseline,4,4.541715480137473,10.560077575975797,65.44029989197547,1.0,-0.09472836169123805,0.03541711001915368,0.7619899291323267,0.12125403584340329
hairpin_180deg,mpc_preview_speed,xy_v3_speed_flexible,4,2.261736671931264,5.2899287822907715,71.03941842591911,1.0,-0.09472836169123805,0.03541711001915368,0.7619899291323267,0.12125403584340329
