scenario,controller,variant,metric,value
s_turn_long_wave,pid_yaw_only_fixed_speed,baseline,lateral_rmse_m,0.0925265070274347
s_turn_long_wave,pid_yaw_only_fixed_speed,baseline,lateral_p95_m,0.1417294410246074
s_turn_long_wave,pid_yaw_only_fixed_speed,baseline,lateral_max_m,0.15797205325871286
s_turn_long_wave,pid_yaw_only_fixed_speed,baseline,yaw_rmse_deg,0.45511011813177227
s_turn_long_wave,pid_yaw_only_fixed_speed,baseline,yaw_p95_deg,0.8103294016083661
s_turn_long_wave,pid_yaw_only_fixed_speed,baseline,progress_pct,92.2722029988466
s_turn_long_wave,pid_yaw_only_fixed_speed,baseline,mean_speed_mps,1.3500000000000003
s_turn_long_wave,pid_yaw_only_fixed_speed,baseline,cmd_smoothness_deg2,739.8157608445342
s_turn_long_wave,pid_yaw_only_fixed_speed,baseline,solve_success_rate,1.0
s_turn_long_wave,pid_yaw_only_fixed_speed,baseline,mean_solve_ms,0.0
s_turn_long_wave,pid_yaw_only_fixed_speed,baseline,max_solve_ms,0.0
s_turn_long_wave,pid_los_fixed_speed,strong_baseline,lateral_rmse_m,1.0474178038228714
s_turn_long_wave,pid_los_fixed_speed,strong_baseline,lateral_p95_m,1.603162744095372
s_turn_long_wave,pid_los_fixed_speed,strong_baseline,lateral_max_m,1.6475498441112508
s_turn_long_wave,pid_los_fixed_speed,strong_baseline,yaw_rmse_deg,5.818680144627727
s_turn_long_wave,pid_los_fixed_speed,strong_baseline,yaw_p95_deg,8.206532505687047
s_turn_long_wave,pid_los_fixed_speed,strong_baseline,progress_pct,95.73241061130335
s_turn_long_wave,pid_los_fixed_speed,strong_baseline,mean_speed_mps,1.3500000000000003
s_turn_long_wave,pid_los_fixed_speed,strong_baseline,cmd_smoothness_deg2,513.6204730799797
s_turn_long_wave,pid_los_fixed_speed,strong_baseline,solve_success_rate,1.0
s_turn_long_wave,pid_los_fixed_speed,strong_baseline,mean_solve_ms,0.0
s_turn_long_wave,pid_los_fixed_speed,strong_baseline,max_solve_ms,0.0
s_turn_long_wave,mpc_preview_speed,xy_v1_balanced,lateral_rmse_m,0.06632528638227528
s_turn_long_wave,mpc_preview_speed,xy_v1_balanced,lateral_p95_m,0.09236978876876255
s_turn_long_wave,mpc_preview_speed,xy_v1_balanced,lateral_max_m,0.10450553848674535
s_turn_long_wave,mpc_preview_speed,xy_v1_balanced,yaw_rmse_deg,0.3084773104389066
s_turn_long_wave,mpc_preview_speed,xy_v1_balanced,yaw_p95_deg,0.5751836519951462
s_turn_long_wave,mpc_preview_speed,xy_v1_balanced,progress_pct,88.00461361014995
s_turn_long_wave,mpc_preview_speed,xy_v1_balanced,mean_speed_mps,1.2790187392922445
s_turn_long_wave,mpc_preview_speed,xy_v1_balanced,cmd_smoothness_deg2,698.6577588406976
s_turn_long_wave,mpc_preview_speed,xy_v1_balanced,solve_success_rate,1.0
s_turn_long_wave,mpc_preview_speed,xy_v1_balanced,mean_solve_ms,7.643920587048342
s_turn_long_wave,mpc_preview_speed,xy_v1_balanced,max_solve_ms,34.432209002261516
s_turn_long_wave,mpc_preview_speed,xy_v2_track_hard,lateral_rmse_m,0.057042226654568595
s_turn_long_wave,mpc_preview_speed,xy_v2_track_hard,lateral_p95_m,0.0852775740400799
s_turn_long_wave,mpc_preview_speed,xy_v2_track_hard,lateral_max_m,0.09281838301174195
s_turn_long_wave,mpc_preview_speed,xy_v2_track_hard,yaw_rmse_deg,0.2604431775015294
s_turn_long_wave,mpc_preview_speed,xy_v2_track_hard,yaw_p95_deg,0.5119169042972775
s_turn_long_wave,mpc_preview_speed,xy_v2_track_hard,progress_pct,93.31026528258363
s_turn_long_wave,mpc_preview_speed,xy_v2_track_hard,mean_speed_mps,1.3639274126101562
s_turn_long_wave,mpc_preview_speed,xy_v2_track_hard,cmd_smoothness_deg2,738.1014302898018
s_turn_long_wave,mpc_preview_speed,xy_v2_track_hard,solve_success_rate,1.0
s_turn_long_wave,mpc_preview_speed,xy_v2_track_hard,mean_solve_ms,9.016908651006815
s_turn_long_wave,mpc_preview_speed,xy_v2_track_hard,max_solve_ms,29.644249996636063
s_turn_long_wave,mpc_preview_speed,xy_v3_speed_flexible,lateral_rmse_m,0.054822187385339054
s_turn_long_wave,mpc_preview_speed,xy_v3_speed_flexible,lateral_p95_m,0.08396425908129988
s_turn_long_wave,mpc_preview_speed,xy_v3_speed_flexible,lateral_max_m,0.09293704128789668
s_turn_long_wave,mpc_preview_speed,xy_v3_speed_flexible,yaw_rmse_deg,0.24544762876037546
s_turn_long_wave,mpc_preview_speed,xy_v3_speed_flexible,yaw_p95_deg,0.48953525977850293
s_turn_long_wave,mpc_preview_speed,xy_v3_speed_flexible,progress_pct,92.73356401384083
s_turn_long_wave,mpc_preview_speed,xy_v3_speed_flexible,mean_speed_mps,1.355253719950668
s_turn_long_wave,mpc_preview_speed,xy_v3_speed_flexible,cmd_smoothness_deg2,736.2724248091495
s_turn_long_wave,mpc_preview_speed,xy_v3_speed_flexible,solve_success_rate,1.0
s_turn_long_wave,mpc_preview_speed,xy_v3_speed_flexible,mean_solve_ms,8.981655092989968
s_turn_long_wave,mpc_preview_speed,xy_v3_speed_flexible,max_solve_ms,24.32795799904852
s_turn_long_wave,mpc_preview_speed,xy_v4_short_realtime,lateral_rmse_m,0.05455888385390733
s_turn_long_wave,mpc_preview_speed,xy_v4_short_realtime,lateral_p95_m,0.08305984325251399
s_turn_long_wave,mpc_preview_speed,xy_v4_short_realtime,lateral_max_m,0.09179824477176872
s_turn_long_wave,mpc_preview_speed,xy_v4_short_realtime,yaw_rmse_deg,0.24288925322358007
s_turn_long_wave,mpc_preview_speed,xy_v4_short_realtime,yaw_p95_deg,0.4862560847412077
s_turn_long_wave,mpc_preview_speed,xy_v4_short_realtime,progress_pct,93.31026528258363
s_turn_long_wave,mpc_preview_speed,xy_v4_short_realtime,mean_speed_mps,1.3642560550081824
s_turn_long_wave,mpc_preview_speed,xy_v4_short_realtime,cmd_smoothness_deg2,739.3903483138081
s_turn_long_wave,mpc_preview_speed,xy_v4_short_realtime,solve_success_rate,1.0
s_turn_long_wave,mpc_preview_speed,xy_v4_short_realtime,mean_solve_ms,6.777732920018025
s_turn_long_wave,mpc_preview_speed,xy_v4_short_realtime,max_solve_ms,20.91287500297767
s_turn_long_wave,mpc_preview_speed,xy_v5_yaw_strict,lateral_rmse_m,0.0600187729254168
s_turn_long_wave,mpc_preview_speed,xy_v5_yaw_strict,lateral_p95_m,0.08757022879013622
s_turn_long_wave,mpc_preview_speed,xy_v5_yaw_strict,lateral_max_m,0.09378334979256542
s_turn_long_wave,mpc_preview_speed,xy_v5_yaw_strict,yaw_rmse_deg,0.2559564193046293
s_turn_long_wave,mpc_preview_speed,xy_v5_yaw_strict,yaw_p95_deg,0.4768761791636149
s_turn_long_wave,mpc_preview_speed,xy_v5_yaw_strict,progress_pct,92.96424452133795
s_turn_long_wave,mpc_preview_speed,xy_v5_yaw_strict,mean_speed_mps,1.358503858995802
s_turn_long_wave,mpc_preview_speed,xy_v5_yaw_strict,cmd_smoothness_deg2,734.6689517356834
s_turn_long_wave,mpc_preview_speed,xy_v5_yaw_strict,solve_success_rate,1.0
s_turn_long_wave,mpc_preview_speed,xy_v5_yaw_strict,mean_solve_ms,8.286378175995196
s_turn_long_wave,mpc_preview_speed,xy_v5_yaw_strict,max_solve_ms,21.58400000189431
s_turn_short_wave,pid_yaw_only_fixed_speed,baseline,lateral_rmse_m,2.5965191738651403
s_turn_short_wave,pid_yaw_only_fixed_speed,baseline,lateral_p95_m,4.87388490706364
s_turn_short_wave,pid_yaw_only_fixed_speed,baseline,lateral_max_m,5.398577877283212
s_turn_short_wave,pid_yaw_only_fixed_speed,baseline,yaw_rmse_deg,58.50870160670502
s_turn_short_wave,pid_yaw_only_fixed_speed,baseline,yaw_p95_deg,100.83738606169312
s_turn_short_wave,pid_yaw_only_fixed_speed,baseline,progress_pct,91.98966408268734
s_turn_short_wave,pid_yaw_only_fixed_speed,baseline,mean_speed_mps,1.35
s_turn_short_wave,pid_yaw_only_fixed_speed,baseline,cmd_smoothness_deg2,3214.503931028034
s_turn_short_wave,pid_yaw_only_fixed_speed,baseline,solve_success_rate,1.0
s_turn_short_wave,pid_yaw_only_fixed_speed,baseline,mean_solve_ms,0.0
s_turn_short_wave,pid_yaw_only_fixed_speed,baseline,max_solve_ms,0.0
s_turn_short_wave,pid_los_fixed_speed,strong_baseline,lateral_rmse_m,1.657430143237024
s_turn_short_wave,pid_los_fixed_speed,strong_baseline,lateral_p95_m,3.588576116049859
s_turn_short_wave,pid_los_fixed_speed,strong_baseline,lateral_max_m,4.182685903606177
s_turn_short_wave,pid_los_fixed_speed,strong_baseline,yaw_rmse_deg,58.81973536021718
s_turn_short_wave,pid_los_fixed_speed,strong_baseline,yaw_p95_deg,88.2167887555327
s_turn_short_wave,pid_los_fixed_speed,strong_baseline,progress_pct,86.56330749354005
s_turn_short_wave,pid_los_fixed_speed,strong_baseline,mean_speed_mps,1.35
s_turn_short_wave,pid_los_fixed_speed,strong_baseline,cmd_smoothness_deg2,3408.1046010326413
s_turn_short_wave,pid_los_fixed_speed,strong_baseline,solve_success_rate,1.0
s_turn_short_wave,pid_los_fixed_speed,strong_baseline,mean_solve_ms,0.0
s_turn_short_wave,pid_los_fixed_speed,strong_baseline,max_solve_ms,0.0
s_turn_short_wave,mpc_preview_speed,xy_v1_balanced,lateral_rmse_m,1.7554273482859453
s_turn_short_wave,mpc_preview_speed,xy_v1_balanced,lateral_p95_m,3.251954867210342
s_turn_short_wave,mpc_preview_speed,xy_v1_balanced,lateral_max_m,3.716883659127403
s_turn_short_wave,mpc_preview_speed,xy_v1_balanced,yaw_rmse_deg,66.20939848956138
s_turn_short_wave,mpc_preview_speed,xy_v1_balanced,yaw_p95_deg,112.37509207594373
s_turn_short_wave,mpc_preview_speed,xy_v1_balanced,progress_pct,56.84754521963824
s_turn_short_wave,mpc_preview_speed,xy_v1_balanced,mean_speed_mps,0.9349463469823317
s_turn_short_wave,mpc_preview_speed,xy_v1_balanced,cmd_smoothness_deg2,1056.1964382265326
s_turn_short_wave,mpc_preview_speed,xy_v1_balanced,solve_success_rate,1.0
s_turn_short_wave,mpc_preview_speed,xy_v1_balanced,mean_solve_ms,10.11602756309161
s_turn_short_wave,mpc_preview_speed,xy_v1_balanced,max_solve_ms,24.446999999781838
s_turn_short_wave,mpc_preview_speed,xy_v2_track_hard,lateral_rmse_m,1.856621070671714
s_turn_short_wave,mpc_preview_speed,xy_v2_track_hard,lateral_p95_m,3.461663035840158
s_turn_short_wave,mpc_preview_speed,xy_v2_track_hard,lateral_max_m,3.968461057890995
s_turn_short_wave,mpc_preview_speed,xy_v2_track_hard,yaw_rmse_deg,67.57766301711652
s_turn_short_wave,mpc_preview_speed,xy_v2_track_hard,yaw_p95_deg,116.45472195280536
s_turn_short_wave,mpc_preview_speed,xy_v2_track_hard,progress_pct,66.14987080103359
s_turn_short_wave,mpc_preview_speed,xy_v2_track_hard,mean_speed_mps,1.0141702316773662
s_turn_short_wave,mpc_preview_speed,xy_v2_track_hard,cmd_smoothness_deg2,1122.085836731798
s_turn_short_wave,mpc_preview_speed,xy_v2_track_hard,solve_success_rate,1.0
s_turn_short_wave,mpc_preview_speed,xy_v2_track_hard,mean_solve_ms,13.244251560915828
s_turn_short_wave,mpc_preview_speed,xy_v2_track_hard,max_solve_ms,33.837374998256564
s_turn_short_wave,mpc_preview_speed,xy_v3_speed_flexible,lateral_rmse_m,1.654606787597967
s_turn_short_wave,mpc_preview_speed,xy_v3_speed_flexible,lateral_p95_m,3.0777840093500055
s_turn_short_wave,mpc_preview_speed,xy_v3_speed_flexible,lateral_max_m,3.5989261802484873
s_turn_short_wave,mpc_preview_speed,xy_v3_speed_flexible,yaw_rmse_deg,68.92635017735637
s_turn_short_wave,mpc_preview_speed,xy_v3_speed_flexible,yaw_p95_deg,113.99687480992048
s_turn_short_wave,mpc_preview_speed,xy_v3_speed_flexible,progress_pct,55.29715762273902
s_turn_short_wave,mpc_preview_speed,xy_v3_speed_flexible,mean_speed_mps,0.8665378136709275
s_turn_short_wave,mpc_preview_speed,xy_v3_speed_flexible,cmd_smoothness_deg2,1101.7595546258387
s_turn_short_wave,mpc_preview_speed,xy_v3_speed_flexible,solve_success_rate,1.0
s_turn_short_wave,mpc_preview_speed,xy_v3_speed_flexible,mean_solve_ms,14.529449184769677
s_turn_short_wave,mpc_preview_speed,xy_v3_speed_flexible,max_solve_ms,43.77254200153402
s_turn_short_wave,mpc_preview_speed,xy_v4_short_realtime,lateral_rmse_m,1.8614228924185898
s_turn_short_wave,mpc_preview_speed,xy_v4_short_realtime,lateral_p95_m,3.444876980846554
s_turn_short_wave,mpc_preview_speed,xy_v4_short_realtime,lateral_max_m,3.947220325113569
s_turn_short_wave,mpc_preview_speed,xy_v4_short_realtime,yaw_rmse_deg,67.68111824977392
s_turn_short_wave,mpc_preview_speed,xy_v4_short_realtime,yaw_p95_deg,116.81217781071189
s_turn_short_wave,mpc_preview_speed,xy_v4_short_realtime,progress_pct,65.89147286821705
s_turn_short_wave,mpc_preview_speed,xy_v4_short_realtime,mean_speed_mps,0.9975546707093634
s_turn_short_wave,mpc_preview_speed,xy_v4_short_realtime,cmd_smoothness_deg2,1142.7430282153564
s_turn_short_wave,mpc_preview_speed,xy_v4_short_realtime,solve_success_rate,1.0
s_turn_short_wave,mpc_preview_speed,xy_v4_short_realtime,mean_solve_ms,11.245299549963143
s_turn_short_wave,mpc_preview_speed,xy_v4_short_realtime,max_solve_ms,23.892041001090547
s_turn_short_wave,mpc_preview_speed,xy_v5_yaw_strict,lateral_rmse_m,1.733579774602269
s_turn_short_wave,mpc_preview_speed,xy_v5_yaw_strict,lateral_p95_m,3.32931493197669
s_turn_short_wave,mpc_preview_speed,xy_v5_yaw_strict,lateral_max_m,3.760396792425791
s_turn_short_wave,mpc_preview_speed,xy_v5_yaw_strict,yaw_rmse_deg,66.9473365419927
s_turn_short_wave,mpc_preview_speed,xy_v5_yaw_strict,yaw_p95_deg,113.9645362755337
s_turn_short_wave,mpc_preview_speed,xy_v5_yaw_strict,progress_pct,56.07235142118863
s_turn_short_wave,mpc_preview_speed,xy_v5_yaw_strict,mean_speed_mps,0.9121292503447944
s_turn_short_wave,mpc_preview_speed,xy_v5_yaw_strict,cmd_smoothness_deg2,1042.0935984109472
s_turn_short_wave,mpc_preview_speed,xy_v5_yaw_strict,solve_success_rate,1.0
s_turn_short_wave,mpc_preview_speed,xy_v5_yaw_strict,mean_solve_ms,12.36461584771662
s_turn_short_wave,mpc_preview_speed,xy_v5_yaw_strict,max_solve_ms,26.88216599926818
chicane_90deg,pid_yaw_only_fixed_speed,baseline,lateral_rmse_m,3.596121673005052
chicane_90deg,pid_yaw_only_fixed_speed,baseline,lateral_p95_m,5.961936425129084
chicane_90deg,pid_yaw_only_fixed_speed,baseline,lateral_max_m,6.1403327333277264
chicane_90deg,pid_yaw_only_fixed_speed,baseline,yaw_rmse_deg,44.605117876229336
chicane_90deg,pid_yaw_only_fixed_speed,baseline,yaw_p95_deg,84.05999999999956
chicane_90deg,pid_yaw_only_fixed_speed,baseline,progress_pct,92.84603421461897
chicane_90deg,pid_yaw_only_fixed_speed,baseline,mean_speed_mps,1.3
chicane_90deg,pid_yaw_only_fixed_speed,baseline,cmd_smoothness_deg2,3762.5384478577034
chicane_90deg,pid_yaw_only_fixed_speed,baseline,solve_success_rate,1.0
chicane_90deg,pid_yaw_only_fixed_speed,baseline,mean_solve_ms,0.0
chicane_90deg,pid_yaw_only_fixed_speed,baseline,max_solve_ms,0.0
chicane_90deg,pid_los_fixed_speed,strong_baseline,lateral_rmse_m,0.6586472390569447
chicane_90deg,pid_los_fixed_speed,strong_baseline,lateral_p95_m,1.4241356330136878
chicane_90deg,pid_los_fixed_speed,strong_baseline,lateral_max_m,1.7167292982810778
chicane_90deg,pid_los_fixed_speed,strong_baseline,yaw_rmse_deg,23.15029814319139
chicane_90deg,pid_los_fixed_speed,strong_baseline,yaw_p95_deg,42.57175321691464
chicane_90deg,pid_los_fixed_speed,strong_baseline,progress_pct,87.55832037325038
chicane_90deg,pid_los_fixed_speed,strong_baseline,mean_speed_mps,1.3
chicane_90deg,pid_los_fixed_speed,strong_baseline,cmd_smoothness_deg2,3430.920319685843
chicane_90deg,pid_los_fixed_speed,strong_baseline,solve_success_rate,1.0
chicane_90deg,pid_los_fixed_speed,strong_baseline,mean_solve_ms,0.0
chicane_90deg,pid_los_fixed_speed,strong_baseline,max_solve_ms,0.0
chicane_90deg,mpc_preview_speed,xy_v1_balanced,lateral_rmse_m,1.4516002068961678
chicane_90deg,mpc_preview_speed,xy_v1_balanced,lateral_p95_m,3.212499962722787
chicane_90deg,mpc_preview_speed,xy_v1_balanced,lateral_max_m,3.464370407435829
chicane_90deg,mpc_preview_speed,xy_v1_balanced,yaw_rmse_deg,30.353013745426498
chicane_90deg,mpc_preview_speed,xy_v1_balanced,yaw_p95_deg,65.58906233048324
chicane_90deg,mpc_preview_speed,xy_v1_balanced,progress_pct,62.83048211508554
chicane_90deg,mpc_preview_speed,xy_v1_balanced,mean_speed_mps,1.1675295448308705
chicane_90deg,mpc_preview_speed,xy_v1_balanced,cmd_smoothness_deg2,3729.7165155639395
chicane_90deg,mpc_preview_speed,xy_v1_balanced,solve_success_rate,1.0
chicane_90deg,mpc_preview_speed,xy_v1_balanced,mean_solve_ms,9.904150012981619
chicane_90deg,mpc_preview_speed,xy_v1_balanced,max_solve_ms,21.349292001104914
chicane_90deg,mpc_preview_speed,xy_v2_track_hard,lateral_rmse_m,1.7748033880055987
chicane_90deg,mpc_preview_speed,xy_v2_track_hard,lateral_p95_m,3.856264553296909
chicane_90deg,mpc_preview_speed,xy_v2_track_hard,lateral_max_m,4.141712478324562
chicane_90deg,mpc_preview_speed,xy_v2_track_hard,yaw_rmse_deg,32.70313607963629
chicane_90deg,mpc_preview_speed,xy_v2_track_hard,yaw_p95_deg,74.25903538835925
chicane_90deg,mpc_preview_speed,xy_v2_track_hard,progress_pct,64.38569206842924
chicane_90deg,mpc_preview_speed,xy_v2_track_hard,mean_speed_mps,1.246569202411012
chicane_90deg,mpc_preview_speed,xy_v2_track_hard,cmd_smoothness_deg2,3866.8866704402226
chicane_90deg,mpc_preview_speed,xy_v2_track_hard,solve_success_rate,1.0
chicane_90deg,mpc_preview_speed,xy_v2_track_hard,mean_solve_ms,12.437497559228548
chicane_90deg,mpc_preview_speed,xy_v2_track_hard,max_solve_ms,28.130916001828155
chicane_90deg,mpc_preview_speed,xy_v3_speed_flexible,lateral_rmse_m,1.5261890850078617
chicane_90deg,mpc_preview_speed,xy_v3_speed_flexible,lateral_p95_m,3.30382258219252
chicane_90deg,mpc_preview_speed,xy_v3_speed_flexible,lateral_max_m,3.5873351076883764
chicane_90deg,mpc_preview_speed,xy_v3_speed_flexible,yaw_rmse_deg,31.75041761236794
chicane_90deg,mpc_preview_speed,xy_v3_speed_flexible,yaw_p95_deg,70.31977162114623
chicane_90deg,mpc_preview_speed,xy_v3_speed_flexible,progress_pct,64.69673405909798
chicane_90deg,mpc_preview_speed,xy_v3_speed_flexible,mean_speed_mps,1.2242234745503244
chicane_90deg,mpc_preview_speed,xy_v3_speed_flexible,cmd_smoothness_deg2,3769.5464374126946
chicane_90deg,mpc_preview_speed,xy_v3_speed_flexible,solve_success_rate,1.0
chicane_90deg,mpc_preview_speed,xy_v3_speed_flexible,mean_solve_ms,12.540584864796578
chicane_90deg,mpc_preview_speed,xy_v3_speed_flexible,max_solve_ms,29.755874998954823
chicane_90deg,mpc_preview_speed,xy_v4_short_realtime,lateral_rmse_m,1.967060109108075
chicane_90deg,mpc_preview_speed,xy_v4_short_realtime,lateral_p95_m,4.326696652186676
chicane_90deg,mpc_preview_speed,xy_v4_short_realtime,lateral_max_m,4.608907554305283
chicane_90deg,mpc_preview_speed,xy_v4_short_realtime,yaw_rmse_deg,35.76888812114215
chicane_90deg,mpc_preview_speed,xy_v4_short_realtime,yaw_p95_deg,82.22022473207514
chicane_90deg,mpc_preview_speed,xy_v4_short_realtime,progress_pct,62.052877138413685
chicane_90deg,mpc_preview_speed,xy_v4_short_realtime,mean_speed_mps,1.2295494641812326
chicane_90deg,mpc_preview_speed,xy_v4_short_realtime,cmd_smoothness_deg2,3992.176979584891
chicane_90deg,mpc_preview_speed,xy_v4_short_realtime,solve_success_rate,1.0
chicane_90deg,mpc_preview_speed,xy_v4_short_realtime,mean_solve_ms,9.26452977581465
chicane_90deg,mpc_preview_speed,xy_v4_short_realtime,max_solve_ms,19.578374998673098
chicane_90deg,mpc_preview_speed,xy_v5_yaw_strict,lateral_rmse_m,1.508892363821953
chicane_90deg,mpc_preview_speed,xy_v5_yaw_strict,lateral_p95_m,3.12833074709087
chicane_90deg,mpc_preview_speed,xy_v5_yaw_strict,lateral_max_m,3.3929619267625637
chicane_90deg,mpc_preview_speed,xy_v5_yaw_strict,yaw_rmse_deg,30.61368858238853
chicane_90deg,mpc_preview_speed,xy_v5_yaw_strict,yaw_p95_deg,67.55417948014343
chicane_90deg,mpc_preview_speed,xy_v5_yaw_strict,progress_pct,64.23017107309487
chicane_90deg,mpc_preview_speed,xy_v5_yaw_strict,mean_speed_mps,1.2072909584451772
chicane_90deg,mpc_preview_speed,xy_v5_yaw_strict,cmd_smoothness_deg2,3705.706782904018
chicane_90deg,mpc_preview_speed,xy_v5_yaw_strict,solve_success_rate,1.0
chicane_90deg,mpc_preview_speed,xy_v5_yaw_strict,mean_solve_ms,9.937018116646936
chicane_90deg,mpc_preview_speed,xy_v5_yaw_strict,max_solve_ms,26.268583998898976
hairpin_180deg,pid_yaw_only_fixed_speed,baseline,lateral_rmse_m,4.69454494478973
hairpin_180deg,pid_yaw_only_fixed_speed,baseline,lateral_p95_m,13.27632409203319
hairpin_180deg,pid_yaw_only_fixed_speed,baseline,lateral_max_m,17.109011395924043
hairpin_180deg,pid_yaw_only_fixed_speed,baseline,yaw_rmse_deg,0.8834416454578629
hairpin_180deg,pid_yaw_only_fixed_speed,baseline,yaw_p95_deg,2.0827243937157003
hairpin_180deg,pid_yaw_only_fixed_speed,baseline,progress_pct,100.0
hairpin_180deg,pid_yaw_only_fixed_speed,baseline,mean_speed_mps,1.1999999999999997
hairpin_180deg,pid_yaw_only_fixed_speed,baseline,cmd_smoothness_deg2,6314.200688299448
hairpin_180deg,pid_yaw_only_fixed_speed,baseline,solve_success_rate,1.0
hairpin_180deg,pid_yaw_only_fixed_speed,baseline,mean_solve_ms,0.0
hairpin_180deg,pid_yaw_only_fixed_speed,baseline,max_solve_ms,0.0
hairpin_180deg,pid_los_fixed_speed,strong_baseline,lateral_rmse_m,4.692457500636383
hairpin_180deg,pid_los_fixed_speed,strong_baseline,lateral_p95_m,11.234595200986568
hairpin_180deg,pid_los_fixed_speed,strong_baseline,lateral_max_m,11.459322837201645
hairpin_180deg,pid_los_fixed_speed,strong_baseline,yaw_rmse_deg,62.08996857810973
hairpin_180deg,pid_los_fixed_speed,strong_baseline,yaw_p95_deg,160.7359374259316
hairpin_180deg,pid_los_fixed_speed,strong_baseline,progress_pct,94.16243654822335
hairpin_180deg,pid_los_fixed_speed,strong_baseline,mean_speed_mps,1.1999999999999997
hairpin_180deg,pid_los_fixed_speed,strong_baseline,cmd_smoothness_deg2,14043.478782072256
hairpin_180deg,pid_los_fixed_speed,strong_baseline,solve_success_rate,1.0
hairpin_180deg,pid_los_fixed_speed,strong_baseline,mean_solve_ms,0.0
hairpin_180deg,pid_los_fixed_speed,strong_baseline,max_solve_ms,0.0
hairpin_180deg,mpc_preview_speed,xy_v1_balanced,lateral_rmse_m,2.303528699371036
hairpin_180deg,mpc_preview_speed,xy_v1_balanced,lateral_p95_m,6.69002687265898
hairpin_180deg,mpc_preview_speed,xy_v1_balanced,lateral_max_m,8.7105765218519
hairpin_180deg,mpc_preview_speed,xy_v1_balanced,yaw_rmse_deg,13.923133292249657
hairpin_180deg,mpc_preview_speed,xy_v1_balanced,yaw_p95_deg,36.0102887928865
hairpin_180deg,mpc_preview_speed,xy_v1_balanced,progress_pct,100.0
hairpin_180deg,mpc_preview_speed,xy_v1_balanced,mean_speed_mps,1.0600265243859561
hairpin_180deg,mpc_preview_speed,xy_v1_balanced,cmd_smoothness_deg2,5748.935682910014
hairpin_180deg,mpc_preview_speed,xy_v1_balanced,solve_success_rate,1.0
hairpin_180deg,mpc_preview_speed,xy_v1_balanced,mean_solve_ms,11.276797857851761
hairpin_180deg,mpc_preview_speed,xy_v1_balanced,max_solve_ms,36.24137500082725
hairpin_180deg,mpc_preview_speed,xy_v2_track_hard,lateral_rmse_m,2.9159690859678764
hairpin_180deg,mpc_preview_speed,xy_v2_track_hard,lateral_p95_m,8.11301365715286
hairpin_180deg,mpc_preview_speed,xy_v2_track_hard,lateral_max_m,10.329212979767107
hairpin_180deg,mpc_preview_speed,xy_v2_track_hard,yaw_rmse_deg,24.81416336304845
hairpin_180deg,mpc_preview_speed,xy_v2_track_hard,yaw_p95_deg,60.00952135887658
hairpin_180deg,mpc_preview_speed,xy_v2_track_hard,progress_pct,100.0
hairpin_180deg,mpc_preview_speed,xy_v2_track_hard,mean_speed_mps,1.089611942585717
hairpin_180deg,mpc_preview_speed,xy_v2_track_hard,cmd_smoothness_deg2,5218.915575358357
hairpin_180deg,mpc_preview_speed,xy_v2_track_hard,solve_success_rate,1.0
hairpin_180deg,mpc_preview_speed,xy_v2_track_hard,mean_solve_ms,14.95198419369217
hairpin_180deg,mpc_preview_speed,xy_v2_track_hard,max_solve_ms,46.43299999952433
hairpin_180deg,mpc_preview_speed,xy_v3_speed_flexible,lateral_rmse_m,2.2766652096080904
hairpin_180deg,mpc_preview_speed,xy_v3_speed_flexible,lateral_p95_m,6.385525147999685
hairpin_180deg,mpc_preview_speed,xy_v3_speed_flexible,lateral_max_m,8.015072481156093
hairpin_180deg,mpc_preview_speed,xy_v3_speed_flexible,yaw_rmse_deg,2.221913856766764
hairpin_180deg,mpc_preview_speed,xy_v3_speed_flexible,yaw_p95_deg,4.808829577136819
hairpin_180deg,mpc_preview_speed,xy_v3_speed_flexible,progress_pct,100.0
hairpin_180deg,mpc_preview_speed,xy_v3_speed_flexible,mean_speed_mps,1.0452427580585202
hairpin_180deg,mpc_preview_speed,xy_v3_speed_flexible,cmd_smoothness_deg2,6162.5092889734715
hairpin_180deg,mpc_preview_speed,xy_v3_speed_flexible,solve_success_rate,1.0
hairpin_180deg,mpc_preview_speed,xy_v3_speed_flexible,mean_solve_ms,13.63730182197287
hairpin_180deg,mpc_preview_speed,xy_v3_speed_flexible,max_solve_ms,32.36558299977332
hairpin_180deg,mpc_preview_speed,xy_v4_short_realtime,lateral_rmse_m,2.959070153427074
hairpin_180deg,mpc_preview_speed,xy_v4_short_realtime,lateral_p95_m,8.223974181196258
hairpin_180deg,mpc_preview_speed,xy_v4_short_realtime,lateral_max_m,10.295512816136188
hairpin_180deg,mpc_preview_speed,xy_v4_short_realtime,yaw_rmse_deg,2.9320476787935936
hairpin_180deg,mpc_preview_speed,xy_v4_short_realtime,yaw_p95_deg,6.0080147065959135
hairpin_180deg,mpc_preview_speed,xy_v4_short_realtime,progress_pct,100.0
hairpin_180deg,mpc_preview_speed,xy_v4_short_realtime,mean_speed_mps,1.0809979057721093
hairpin_180deg,mpc_preview_speed,xy_v4_short_realtime,cmd_smoothness_deg2,6123.776566867024
hairpin_180deg,mpc_preview_speed,xy_v4_short_realtime,solve_success_rate,1.0
hairpin_180deg,mpc_preview_speed,xy_v4_short_realtime,mean_solve_ms,10.402030551597363
hairpin_180deg,mpc_preview_speed,xy_v4_short_realtime,max_solve_ms,28.48791599899414
hairpin_180deg,mpc_preview_speed,xy_v5_yaw_strict,lateral_rmse_m,2.860064904855099
hairpin_180deg,mpc_preview_speed,xy_v5_yaw_strict,lateral_p95_m,7.97147314529589
hairpin_180deg,mpc_preview_speed,xy_v5_yaw_strict,lateral_max_m,10.007058107268838
hairpin_180deg,mpc_preview_speed,xy_v5_yaw_strict,yaw_rmse_deg,5.862112994560748
hairpin_180deg,mpc_preview_speed,xy_v5_yaw_strict,yaw_p95_deg,17.51645785542503
hairpin_180deg,mpc_preview_speed,xy_v5_yaw_strict,progress_pct,100.0
hairpin_180deg,mpc_preview_speed,xy_v5_yaw_strict,mean_speed_mps,1.0768655014606174
hairpin_180deg,mpc_preview_speed,xy_v5_yaw_strict,cmd_smoothness_deg2,6047.198684048197
hairpin_180deg,mpc_preview_speed,xy_v5_yaw_strict,solve_success_rate,1.0
hairpin_180deg,mpc_preview_speed,xy_v5_yaw_strict,mean_solve_ms,13.686649357777014
hairpin_180deg,mpc_preview_speed,xy_v5_yaw_strict,max_solve_ms,45.00449999977718
